TIME_PERIOD,Austria_commodity,Austria_consumer,Austria_import,Austria_prod,Belgium_commodity,Belgium_consumer,Belgium_import,Belgium_prod,Bulgaria_commodity,Bulgaria_consumer,Bulgaria_import,Bulgaria_prod,Croatia_commodity,Croatia_consumer,Croatia_import,Croatia_prod,Cyprus_commodity,Cyprus_consumer,Cyprus_import,Cyprus_prod,Czechia_commodity,Czechia_consumer,Czechia_import,Czechia_prod,Denmark_commodity,Denmark_consumer,Denmark_import,Denmark_prod,Finland_commodity,Finland_consumer,Finland_import,Finland_prod,France_commodity,France_consumer,France_import,France_prod,Germany_commodity,Germany_consumer,Germany_import,Germany_prod,Greece_commodity,Greece_consumer,Greece_import,Greece_prod,Hungary_commodity,Hungary_consumer,Hungary_import,Hungary_prod,Ireland_commodity,Ireland_consumer,Ireland_import,Ireland_prod,Italy_commodity,Italy_consumer,Italy_import,Italy_prod,Latvia_commodity,Latvia_consumer,Latvia_import,Latvia_prod,Lithuania_commodity,Lithuania_consumer,Lithuania_import,Lithuania_prod,Luxembourg_commodity,Luxembourg_consumer,Luxembourg_import,Luxembourg_prod,Malta_commodity,Malta_consumer,Malta_import,Malta_prod,Netherlands_commodity,Netherlands_consumer,Netherlands_import,Netherlands_prod,Poland_commodity,Poland_consumer,Poland_import,Poland_prod,Portugal_commodity,Portugal_consumer,Portugal_import,Portugal_prod,Romania_commodity,Romania_consumer,Romania_import,Romania_prod,Slovakia_commodity,Slovakia_consumer,Slovakia_import,Slovakia_prod,Slovenia_commodity,Slovenia_consumer,Slovenia_import,Slovenia_prod,Spain_commodity,Spain_consumer,Spain_import,Spain_prod,Sweden_commodity,Sweden_consumer,Sweden_import,Sweden_prod
2017-01,101.6,101.52,99.7,18.25,93.6,100.4,97.9,23.27,84.2,98.01,98.2,0.53,99.6,100.25,101.1,3.13,97.9,100.16,99.1,0.41,98.6,103.6,97.1,5.72,92.8,100.4,95.2,10.0,99.4,98.58,90.2,7.28,96.2,101.51,95.0,120.8,98.1,101.9,99.2,90.0,99.3,100.86,106.6,3.3,90.6,102.64,100.0,2.17,90.5,103.5,117.9,49.95,98.1,101.2,100.9,62.61,104.4,103.73,97.3,1.22,104.6,103.45,109.3,3.12,101.7,106.31,99.6,0.81,95.0,103.46,103.1,0.1,98.4,99.88,102.5,36.08,105.6,102.3,111.8,41.24,99.5,101.59,102.9,7.13,96.7,98.33,103.3,3.92,106.2,94.37,93.4,0.62,99.2,95.62,106.2,2.69,105.3,100.65,107.7,50.71,113.6,103.73,96.8,10.34
2017-02,101.7,99.75,99.3,17.23,93.8,101.14,96.3,21.21,85.3,98.19,96.3,0.64,100.3,100.5,101.9,3.02,103.4,100.55,108.7,0.33,98.9,103.3,98.5,5.31,93.5,101.2,94.0,9.0,100.3,98.7,95.5,6.5,97.4,101.47,95.5,108.34,98.5,101.5,94.4,89.0,98.8,101.03,107.4,3.31,86.1,102.66,106.7,2.1,92.6,94.3,102.9,49.3,98.3,101.4,100.4,56.72,108.4,104.52,94.7,1.11,108.7,103.67,109.2,2.96,99.7,107.64,99.1,0.73,95.8,103.63,92.6,0.1,98.3,100.31,99.5,35.83,106.3,102.1,106.6,39.85,100.1,99.59,102.0,5.92,97.8,98.34,103.8,4.23,106.3,94.93,94.5,0.55,99.7,95.53,95.7,2.69,105.4,100.44,106.3,48.3,114.5,103.69,95.8,10.01
2017-03,101.2,101.88,100.0,20.07,93.8,100.58,99.0,25.41,86.8,98.08,99.7,0.6,101.3,100.12,101.5,3.36,106.0,100.63,100.4,0.37,99.5,105.4,95.3,6.08,93.9,101.0,98.0,11.0,101.1,98.46,95.4,7.44,98.5,101.6,97.8,128.57,98.3,101.1,97.7,105.0,99.2,101.42,106.5,3.25,88.3,103.02,105.7,2.14,95.2,100.4,105.0,51.15,98.5,101.4,100.7,64.09,109.8,104.5,96.0,1.39,111.0,103.64,119.3,3.9,100.3,108.06,98.6,0.87,95.8,103.63,96.6,0.1,97.9,100.36,101.6,44.06,106.5,102.8,99.1,49.52,100.5,100.72,100.7,6.84,99.3,98.4,110.4,4.76,106.1,94.51,96.3,0.62,100.0,92.22,107.7,3.17,105.3,100.96,110.7,54.16,114.5,105.22,94.3,11.6
2017-04,100.2,100.32,94.2,17.4,93.8,101.22,97.2,21.79,88.7,97.81,108.3,0.47,102.7,100.14,98.2,3.19,105.9,100.41,112.9,0.35,100.2,106.2,97.9,5.27,94.1,101.6,99.0,9.0,101.7,98.93,96.5,6.18,99.4,101.75,98.2,112.46,97.4,100.2,96.4,82.0,100.4,101.3,105.8,3.48,97.8,102.83,111.5,2.32,98.4,97.2,107.4,43.18,98.9,101.4,102.7,56.07,108.4,104.63,92.9,1.28,111.4,104.82,108.4,3.22,103.6,108.2,103.8,0.69,94.8,103.79,92.8,0.09,97.4,99.72,101.2,35.0,106.2,103.4,107.0,41.79,100.8,100.13,104.1,6.42,101.2,98.88,110.8,3.9,105.8,94.96,95.5,0.67,100.2,95.11,105.4,2.87,105.1,100.5,111.7,46.55,113.7,106.41,97.4,9.32
2017-05,100.0,103.19,99.9,19.02,93.9,101.14,95.4,25.07,88.8,98.89,96.7,0.61,102.3,100.72,97.5,3.6,104.9,100.38,108.8,0.41,100.9,106.9,91.9,5.92,94.9,101.1,105.3,11.0,102.2,99.07,97.5,6.85,99.8,101.71,103.4,127.12,97.3,100.5,98.5,93.0,101.1,99.0,104.6,5.4,103.7,103.5,112.0,2.33,99.7,101.3,110.1,51.09,99.3,101.6,103.2,61.71,107.7,105.05,97.5,1.47,111.9,103.94,119.6,3.64,104.4,108.8,101.6,0.82,95.1,103.13,104.3,0.12,96.4,101.86,105.8,39.13,105.7,103.2,100.4,47.04,100.8,102.03,105.2,8.72,102.2,99.71,106.9,5.17,105.9,95.42,96.4,0.69,100.2,95.31,106.3,2.93,105.1,100.61,112.1,59.12,112.8,106.26,101.4,11.32
2017-06,100.7,101.99,99.4,17.29,94.1,101.21,90.9,23.84,87.1,98.77,107.0,0.55,99.9,101.7,95.0,3.6,102.8,102.06,113.1,0.39,101.5,107.5,95.2,5.33,96.4,102.4,104.0,11.0,102.7,99.98,100.7,6.65,99.7,102.12,102.7,119.83,98.0,101.3,101.4,87.0,101.5,98.58,104.0,3.66,105.4,104.0,108.1,2.15,99.1,98.0,114.1,52.0,99.7,101.5,100.7,63.37,107.6,105.16,100.5,1.3,112.3,104.8,119.1,3.23,102.7,107.75,99.1,0.77,96.6,103.69,111.4,0.08,95.1,102.83,108.4,33.79,104.9,103.4,107.0,48.38,100.7,102.18,105.2,8.18,102.3,99.92,111.0,4.86,106.4,95.94,92.9,0.61,100.0,93.32,101.2,2.58,105.1,100.48,115.7,57.6,111.8,106.4,103.9,10.34
2017-07,102.1,100.79,105.7,16.42,94.4,100.89,100.7,20.59,83.7,98.99,108.6,0.47,95.7,101.78,96.7,3.88,99.4,102.09,104.6,0.27,102.0,107.2,94.5,4.91,98.8,102.9,106.2,8.0,103.1,99.66,100.4,6.14,99.0,102.2,103.5,107.9,99.5,101.4,95.7,81.0,101.3,98.35,102.4,3.79,102.6,104.32,107.9,1.98,96.7,96.2,96.6,48.2,100.0,101.6,103.0,66.39,108.2,105.32,98.6,1.28,112.9,104.97,108.9,3.45,98.6,109.0,100.8,0.66,99.4,103.89,101.2,0.08,93.3,104.33,103.9,31.79,103.9,103.3,115.9,49.54,100.3,101.36,104.8,8.69,101.4,100.39,115.7,4.78,107.3,95.88,95.1,0.64,99.6,95.1,103.8,2.36,105.4,100.59,114.4,54.68,110.6,104.16,105.1,9.46
2017-08,103.5,101.92,105.0,17.92,95.1,101.15,98.1,23.0,83.5,98.11,112.5,0.48,93.9,102.06,96.6,3.82,95.8,101.49,104.7,1.14,102.3,107.4,94.9,5.6,100.3,103.9,100.6,11.0,103.5,99.69,103.6,7.72,98.8,102.74,104.9,124.03,101.1,101.6,98.8,90.0,101.2,98.95,101.0,3.71,101.1,105.1,107.1,2.18,94.9,96.2,97.5,55.2,100.4,101.6,104.8,65.07,108.4,105.32,102.8,1.48,112.7,104.94,118.5,3.51,97.1,106.94,100.1,0.8,100.0,103.97,112.8,0.09,93.7,103.79,104.5,33.25,104.1,103.6,112.9,49.27,100.1,101.82,107.4,8.94,101.1,100.49,114.4,5.35,108.2,96.2,94.3,0.68,99.8,95.11,105.8,2.52,105.6,100.19,116.2,56.05,110.1,108.21,107.2,12.5
2017-09,104.6,102.71,99.8,18.76,96.2,101.23,100.1,23.77,86.5,101.53,107.5,0.54,94.2,101.48,94.7,3.9,91.6,101.37,113.3,1.06,102.6,107.7,93.2,5.39,101.1,103.0,100.7,11.0,104.0,100.14,96.0,7.52,98.8,102.15,103.8,120.81,102.7,102.5,97.1,96.0,101.2,99.38,105.5,3.66,100.8,105.37,107.1,2.37,93.4,101.1,103.4,54.5,100.8,101.9,104.6,64.64,108.4,105.5,107.9,1.61,112.0,106.22,111.2,3.6,98.2,109.65,100.8,0.81,98.3,104.31,87.7,0.08,96.3,104.16,105.0,34.71,105.6,103.5,115.3,49.4,100.0,102.05,107.8,7.4,101.2,100.83,116.7,5.31,108.9,96.48,96.2,0.72,100.6,95.34,109.6,3.04,105.9,100.68,116.8,53.6,110.3,107.27,99.5,12.03
2017-10,105.6,100.09,96.8,21.18,97.8,99.52,101.7,24.59,93.1,100.78,111.6,0.95,96.7,101.67,99.3,3.7,86.0,101.57,109.7,1.23,102.7,107.7,100.2,6.14,101.1,102.2,102.4,12.0,104.5,100.78,100.2,8.22,99.2,102.06,100.3,127.32,104.4,102.4,96.8,101.0,101.3,100.2,109.4,3.5,101.8,105.34,108.6,2.29,92.3,99.0,103.5,55.6,101.2,102.4,102.5,65.59,108.1,105.62,104.9,1.78,110.5,105.4,105.2,4.34,101.8,110.1,100.7,0.88,94.4,104.62,88.8,0.09,101.5,103.86,103.4,36.57,108.4,103.6,111.4,50.31,100.1,103.73,104.1,8.1,101.9,101.22,119.4,5.6,109.6,96.78,99.0,0.73,102.1,98.05,114.5,3.53,106.1,101.23,113.6,55.29,111.2,103.84,105.3,12.39
2017-11,106.4,103.29,101.1,22.14,98.9,101.66,97.8,24.47,94.7,101.01,105.8,0.9,98.6,101.57,101.3,3.7,85.0,101.53,100.0,1.22,102.6,107.2,102.2,6.19,101.4,102.2,106.7,12.0,105.1,100.23,101.7,8.24,99.3,102.54,103.8,127.37,105.4,103.0,98.4,118.0,101.2,100.1,110.4,3.32,102.5,105.78,110.4,2.67,92.2,98.3,108.0,59.94,101.7,102.5,104.1,62.63,109.3,105.62,99.7,1.65,111.6,106.4,110.3,3.43,104.0,110.46,101.2,0.88,93.1,105.12,105.9,0.1,105.0,104.92,103.0,42.05,110.1,104.7,107.9,48.77,100.7,102.68,105.0,7.61,103.3,101.74,120.7,6.21,109.0,97.17,101.1,0.67,103.1,98.32,103.3,4.05,106.7,101.24,115.2,54.22,110.0,100.74,106.8,12.73
2017-12,106.9,103.59,107.7,20.43,99.6,100.05,102.4,24.53,91.2,101.84,106.6,0.69,100.0,100.43,103.2,3.3,88.5,101.64,103.9,1.13,102.5,106.0,102.2,5.85,102.1,102.5,109.1,9.0,105.7,100.45,99.2,6.67,99.1,102.71,105.0,117.62,105.8,102.9,101.4,92.0,100.9,99.9,112.9,3.74,103.1,105.67,115.4,2.52,92.9,94.3,84.0,46.93,102.2,102.6,104.2,67.53,112.1,104.26,111.0,1.19,115.1,106.16,92.1,2.49,104.7,110.4,108.5,0.84,94.4,105.14,101.6,0.08,106.8,104.23,103.3,36.62,110.7,105.5,107.6,43.46,101.7,100.88,105.0,7.17,105.6,102.59,122.6,5.05,107.1,97.79,104.1,0.6,103.7,102.33,103.4,3.37,107.6,101.8,111.1,53.58,106.7,107.68,106.4,10.03
2018-01,107.1,102.59,105.6,20.99,99.7,100.09,103.2,23.91,83.0,99.69,117.7,0.75,100.8,100.94,104.7,3.4,97.6,101.68,113.3,0.54,102.2,107.8,99.9,6.17,103.1,101.1,103.3,11.1,106.4,101.28,98.0,7.59,98.6,103.18,102.2,126.38,105.6,103.5,99.0,99.0,100.3,101.2,112.2,3.19,103.5,106.23,113.2,2.76,94.5,97.0,126.0,52.89,102.7,103.2,103.7,66.65,116.6,102.3,106.5,1.34,121.4,105.45,109.7,3.29,103.9,110.34,100.0,0.84,98.4,105.17,95.6,0.11,106.9,104.75,101.0,36.51,110.1,106.1,115.5,45.06,103.1,99.0,106.1,7.67,108.8,103.25,124.6,3.63,103.8,98.02,100.1,0.78,103.8,105.11,108.4,2.82,108.8,102.05,109.1,53.12,101.5,107.97,104.5,11.72
2018-02,106.7,101.75,101.4,17.45,99.6,100.73,102.4,21.42,80.5,100.58,115.9,0.56,101.5,100.72,107.3,2.91,103.4,101.72,106.5,0.41,102.2,106.1,104.8,5.32,103.6,101.0,100.7,9.2,106.9,102.0,96.9,6.56,98.4,103.14,101.2,111.53,105.2,103.8,95.6,82.0,100.2,100.92,112.3,3.2,103.5,105.92,115.4,2.25,96.3,95.0,127.3,49.01,102.9,103.0,103.2,60.92,120.2,106.2,106.3,1.11,125.5,104.65,100.5,2.92,103.9,110.13,100.8,0.78,101.0,105.42,107.5,0.08,105.9,104.54,98.7,32.0,110.2,106.2,118.4,43.97,104.0,99.04,106.3,6.45,111.8,104.02,132.0,3.33,101.9,98.7,96.6,0.63,103.8,105.89,108.1,2.44,108.8,101.99,113.3,48.63,98.7,108.85,106.2,10.48
2018-03,105.7,103.31,96.5,20.77,99.3,100.43,103.8,24.15,83.0,100.95,112.0,0.64,102.2,100.95,111.5,3.81,106.6,101.97,113.4,0.41,102.4,106.3,102.3,5.92,103.4,101.4,102.4,10.2,107.4,102.54,101.0,7.01,98.3,102.98,104.7,128.06,104.5,103.8,98.2,102.0,100.4,101.21,112.0,3.17,103.0,106.14,117.1,2.09,98.3,92.9,136.5,48.71,102.8,103.0,103.0,68.64,122.8,108.33,110.9,1.32,127.1,104.83,106.1,3.65,104.8,111.07,98.5,0.88,102.0,105.44,107.9,0.07,103.8,102.65,103.4,42.82,111.0,105.9,126.6,51.49,104.4,99.28,109.2,7.23,114.8,104.62,127.0,3.88,101.1,98.11,99.9,0.69,103.8,105.75,116.6,3.22,107.7,102.61,113.0,51.26,98.3,108.8,108.1,11.24
2018-04,104.1,101.51,96.3,19.46,98.6,100.81,103.3,23.09,91.2,101.07,118.1,0.5,102.8,101.45,107.8,3.54,107.6,101.95,106.9,0.42,102.9,107.2,104.6,5.74,102.6,102.2,104.1,10.4,107.7,102.65,100.1,6.61,98.6,103.03,106.0,119.41,103.7,104.6,96.8,87.0,101.1,100.57,113.7,3.32,102.0,106.39,114.3,2.89,100.5,92.4,128.0,48.19,102.4,103.2,103.2,59.98,124.4,108.25,113.9,1.29,126.1,105.46,113.2,3.21,106.5,110.99,101.0,0.8,101.6,105.44,109.8,0.11,100.5,102.99,99.6,33.38,112.6,106.6,122.9,45.16,104.3,100.63,106.4,7.43,117.6,105.14,134.4,3.74,101.5,98.73,99.9,0.64,103.7,106.72,120.1,2.96,105.5,102.26,115.2,52.64,100.0,108.71,115.1,11.21
2018-05,102.6,104.42,98.5,18.25,97.5,100.36,106.4,23.89,95.3,102.29,122.7,0.54,101.8,100.12,104.2,3.75,106.9,101.73,112.4,0.43,103.1,106.9,99.8,6.01,101.4,101.3,106.7,11.2,107.8,102.07,97.3,7.15,98.9,103.44,106.1,125.56,102.4,104.2,99.2,84.0,101.5,101.23,108.6,3.52,101.3,106.78,112.6,2.72,100.3,94.4,128.6,49.64,101.8,103.0,102.0,65.32,123.8,108.49,108.9,1.35,124.1,105.29,101.0,3.44,106.8,110.49,98.0,0.82,101.7,105.38,113.1,0.12,97.5,103.65,101.2,38.68,113.2,106.1,128.8,48.27,104.2,100.51,108.2,8.44,119.2,105.58,128.0,4.5,101.9,98.6,97.4,0.7,103.3,105.11,113.7,2.63,104.0,102.61,114.6,60.09,102.0,108.77,116.9,11.7
2018-06,101.4,104.27,94.9,17.86,96.0,101.69,101.3,22.21,94.6,101.85,119.9,0.46,99.2,101.87,101.7,3.75,104.6,103.93,103.8,0.41,103.0,108.4,99.0,5.36,99.7,100.2,104.8,11.2,107.8,101.9,104.6,6.31,99.2,103.29,106.0,117.64,100.8,104.4,96.6,85.0,101.6,99.83,108.1,3.48,100.9,106.98,115.3,2.24,97.6,91.8,148.1,49.08,101.0,102.9,103.5,60.24,121.3,108.44,110.0,1.31,121.1,105.1,103.7,3.58,105.5,111.07,101.8,0.83,102.4,107.32,109.6,0.07,94.5,104.28,106.7,40.0,112.7,106.2,121.2,51.77,104.1,99.67,108.6,8.07,119.6,105.94,133.8,4.17,102.4,99.06,97.5,0.58,102.7,104.82,109.9,2.24,103.1,102.5,113.4,56.63,104.2,108.93,113.1,9.84
2018-07,100.3,102.79,97.5,17.71,93.9,99.78,105.0,20.66,89.4,103.16,122.9,0.43,95.0,100.97,97.7,3.77,100.2,103.66,119.4,0.4,102.7,108.8,100.9,5.45,97.5,101.1,109.8,9.0,107.5,102.85,100.9,6.65,99.7,103.45,107.1,117.31,98.6,105.1,98.7,88.0,101.5,101.15,107.9,3.65,100.7,107.17,123.5,2.28,92.7,91.1,130.6,53.5,100.1,103.0,101.3,66.52,116.7,109.89,109.1,1.23,117.0,105.27,108.9,3.21,102.6,111.69,98.7,0.75,103.6,107.37,106.9,0.08,91.6,105.2,103.1,38.02,111.3,106.3,126.8,48.81,104.1,99.5,109.8,9.25,118.7,106.36,129.5,3.97,102.9,98.85,98.3,0.66,101.9,105.78,105.2,2.27,102.9,102.6,119.3,57.98,106.7,108.9,117.4,10.19
2018-08,99.8,104.22,98.6,19.31,92.9,101.58,96.5,23.29,87.4,103.69,117.3,0.48,93.3,101.07,94.4,3.8,96.3,104.02,113.1,0.4,101.9,109.0,94.0,5.88,95.9,102.9,103.9,12.8,107.5,102.52,100.1,8.03,99.6,104.09,105.8,122.86,97.6,105.1,97.1,86.0,101.4,101.1,106.9,3.67,99.9,107.77,116.8,2.61,89.7,94.8,149.6,53.85,99.6,102.7,103.3,74.59,114.1,110.2,116.1,1.45,113.8,106.0,98.0,3.5,100.2,111.69,101.7,0.79,104.1,107.52,112.0,0.08,90.9,106.75,102.1,40.32,110.4,106.5,108.6,48.22,104.1,98.88,107.2,8.86,117.6,106.85,146.1,4.52,103.0,98.74,98.4,0.75,101.5,105.3,105.6,2.35,102.6,101.99,115.0,57.82,108.1,109.95,111.6,12.36
2018-09,99.9,102.1,94.2,18.01,92.9,101.26,100.7,21.73,88.4,104.28,113.7,0.68,94.0,100.18,94.6,3.56,92.2,104.49,113.5,0.41,100.8,108.6,97.4,5.9,94.9,102.7,101.5,10.8,107.5,101.8,98.8,7.51,98.9,103.74,102.9,114.89,97.5,105.0,91.9,93.0,101.4,100.31,106.9,3.57,98.4,107.86,119.1,2.29,88.4,92.6,145.5,53.32,99.5,103.4,102.7,70.47,113.2,111.9,113.3,1.33,111.4,105.59,91.1,3.17,98.1,111.17,98.9,0.82,103.7,107.85,110.9,0.08,92.6,104.21,101.6,38.68,110.1,107.1,120.7,45.25,104.1,98.35,105.3,7.43,116.2,107.44,141.1,4.17,102.9,98.92,98.9,0.63,101.4,105.74,111.0,2.68,102.3,102.55,112.3,54.5,108.3,108.47,107.9,11.75
2018-10,100.5,104.79,94.1,21.98,93.9,100.72,99.4,25.29,92.4,105.94,115.2,0.77,97.1,99.75,99.2,4.0,87.0,103.89,103.2,0.51,99.3,109.0,100.6,7.06,94.5,102.2,103.7,12.3,107.7,101.63,100.7,8.5,97.6,103.57,101.7,134.31,98.4,104.4,93.6,104.0,101.3,100.77,109.5,3.4,96.3,108.52,116.8,2.35,88.7,92.6,136.8,59.3,99.8,103.3,99.7,75.12,113.9,112.34,110.0,1.63,109.6,105.03,97.2,4.28,96.3,111.59,99.6,0.82,102.6,108.34,104.2,0.11,96.6,104.29,99.2,43.77,110.4,106.9,110.8,51.53,104.1,99.95,109.1,8.41,114.6,107.87,133.0,4.93,102.4,98.51,99.0,0.75,101.8,106.73,114.6,3.63,101.8,102.68,112.1,62.09,107.3,108.02,108.1,13.96
2018-11,101.0,104.12,94.0,22.5,94.6,100.24,102.3,24.43,93.6,104.33,116.8,0.71,99.3,101.1,99.4,3.79,86.1,104.08,114.8,0.47,98.4,108.2,100.1,7.05,93.8,100.8,97.1,12.2,108.0,101.37,102.7,8.15,97.0,103.96,101.5,125.44,98.8,105.3,96.8,110.0,101.2,100.68,108.5,2.6,95.0,108.34,119.7,2.48,88.7,93.1,114.2,61.03,100.2,103.4,100.2,71.17,114.9,112.11,110.9,1.51,109.6,104.46,102.9,3.5,96.1,112.68,98.4,0.95,102.3,108.3,106.4,0.09,98.4,106.61,99.0,40.1,110.2,106.7,113.3,46.05,104.2,98.84,102.9,7.22,113.8,108.34,139.0,5.1,102.4,98.89,97.5,0.74,102.3,106.37,116.6,4.2,101.7,103.22,108.1,58.73,106.8,106.11,109.6,12.87
2018-12,101.5,104.41,100.4,19.17,94.9,100.55,103.8,23.26,91.8,105.33,119.2,0.7,100.7,100.64,99.3,3.7,89.3,103.97,105.3,0.47,98.2,107.7,98.3,5.72,93.0,102.9,103.3,8.8,108.6,101.25,101.3,6.41,97.1,104.07,104.7,116.61,98.6,104.7,99.5,82.0,100.9,100.78,109.3,2.88,94.2,109.09,123.2,2.2,88.3,93.1,132.4,44.04,100.6,103.1,100.6,69.61,116.2,112.23,112.2,1.0,111.3,104.75,104.1,2.53,97.5,111.55,104.6,0.8,102.8,108.32,105.8,0.08,97.8,104.93,100.5,34.93,109.5,107.1,121.1,39.15,104.4,99.83,107.8,7.32,113.8,108.77,129.6,4.0,102.9,99.05,95.4,0.58,102.8,106.14,121.3,3.43,102.0,103.48,114.2,55.52,106.6,107.49,112.1,9.55
2019-01,101.8,106.86,98.6,19.89,94.9,100.22,101.7,22.67,87.2,104.41,123.8,0.48,101.2,96.33,99.6,3.41,97.8,103.49,106.7,0.61,98.6,107.1,96.1,6.49,91.9,102.9,99.1,11.7,109.2,102.53,99.1,8.25,98.0,103.83,101.1,126.13,98.0,105.7,94.4,101.0,100.5,101.33,113.9,2.69,94.1,109.36,119.3,2.53,87.5,94.0,128.5,57.14,101.1,103.5,101.2,65.22,117.8,112.93,113.1,1.38,114.8,104.88,112.0,3.61,100.5,111.99,97.9,0.88,104.1,108.36,101.4,0.1,94.8,107.98,98.7,35.33,108.4,107.8,121.0,49.09,104.8,99.41,103.4,6.98,114.5,109.16,131.6,4.05,103.8,99.23,101.5,0.78,103.3,105.68,114.1,2.83,102.6,103.26,109.4,56.26,106.7,111.14,109.9,12.54
2019-02,101.5,104.95,96.6,17.79,95.0,100.77,99.6,20.09,88.1,104.9,112.2,0.43,102.3,95.69,99.2,3.27,103.3,104.37,112.5,0.48,98.9,105.3,99.2,5.76,91.2,102.9,95.5,9.5,109.6,104.57,95.3,6.82,98.5,104.48,96.0,107.16,97.2,106.0,94.6,88.0,100.2,102.21,113.9,2.52,95.4,110.23,115.4,2.19,87.8,88.2,135.6,52.44,101.4,103.9,100.4,58.03,119.3,112.23,106.0,1.15,116.7,104.26,98.7,3.23,102.3,112.16,97.3,0.79,104.9,108.96,99.5,0.08,92.7,106.49,97.8,32.2,107.2,106.8,121.4,35.99,105.0,99.3,106.0,6.41,115.3,109.93,138.2,3.64,104.2,99.52,99.6,0.66,103.2,105.63,109.3,2.62,102.7,103.2,107.6,50.68,106.9,107.86,107.3,11.38
2019-03,100.6,106.14,97.7,19.39,95.4,99.63,98.5,21.83,94.6,104.52,120.3,0.46,104.0,96.53,97.9,3.56,106.3,104.09,103.0,0.43,99.2,106.7,91.6,6.2,90.7,101.5,95.8,9.8,109.8,104.69,96.5,7.3,98.7,104.28,100.1,117.48,96.3,106.0,92.9,92.0,99.8,102.16,112.7,2.66,98.1,110.0,112.6,1.94,89.2,91.4,126.5,52.21,101.7,103.4,100.5,64.02,120.9,109.58,109.3,1.13,117.0,104.82,93.4,3.2,103.1,112.53,96.7,0.83,105.5,108.96,98.7,0.08,91.2,106.57,100.4,33.1,106.2,107.0,118.4,46.98,105.1,100.05,104.4,6.87,116.3,110.14,121.7,3.83,104.0,99.2,97.3,0.74,102.5,103.34,112.5,3.04,102.4,103.38,110.4,53.67,107.1,107.12,106.3,12.17
2019-04,99.1,103.51,97.5,19.57,96.1,99.97,100.3,23.0,108.1,103.07,112.8,0.37,106.4,95.81,101.7,3.85,107.4,102.54,101.1,0.43,99.5,106.7,98.0,6.18,90.6,103.0,101.3,10.0,109.6,103.83,103.1,6.77,98.6,104.18,108.9,126.07,95.3,106.1,99.3,88.0,99.5,101.9,112.8,2.67,102.4,110.1,117.6,3.04,91.8,91.0,120.9,51.71,101.8,104.0,102.0,64.22,122.5,107.03,112.7,1.23,115.6,104.7,103.1,3.39,102.6,112.84,96.6,0.86,105.6,108.82,113.0,0.09,90.4,107.59,102.5,37.98,105.1,107.8,127.2,45.28,105.0,100.36,105.9,7.65,117.3,110.59,132.7,3.7,103.2,100.33,101.6,0.7,101.3,104.97,106.4,3.15,101.6,103.38,112.4,55.38,107.3,108.93,109.7,11.27
2019-05,98.1,105.75,98.5,19.48,96.2,101.71,99.5,23.38,114.2,104.97,118.7,0.46,106.2,96.4,97.3,3.87,106.9,102.16,103.3,0.46,99.7,108.1,93.9,6.38,90.7,101.3,103.2,10.7,109.6,105.01,101.7,6.82,98.3,104.85,108.9,122.09,94.4,106.0,103.1,91.0,99.4,102.15,112.4,2.73,104.5,110.86,116.1,2.85,92.3,94.8,100.4,52.97,101.6,103.7,103.4,62.38,122.2,115.65,112.3,1.33,114.1,104.41,101.9,3.82,102.3,112.74,96.9,0.83,105.9,108.75,105.7,0.08,89.2,110.09,105.8,36.74,103.3,108.0,126.7,49.96,104.7,101.2,107.9,7.87,118.2,111.38,124.9,4.4,103.0,101.24,100.1,0.68,100.5,108.31,110.0,2.84,101.1,103.5,112.0,63.51,107.5,109.09,110.9,11.93
2019-06,97.4,103.34,101.2,15.52,96.0,101.9,97.7,20.7,111.7,105.82,122.5,0.32,103.3,96.91,98.3,3.33,104.6,101.21,106.6,0.37,99.9,108.8,90.5,5.22,90.9,103.2,103.0,9.9,109.7,106.16,102.4,6.5,97.9,104.93,106.7,109.57,93.6,107.1,101.6,71.0,99.5,100.29,111.1,2.84,104.1,111.33,119.3,2.19,90.7,90.0,124.7,48.51,101.1,103.7,103.6,55.91,120.1,115.38,111.0,0.99,112.5,106.99,101.8,3.02,102.2,113.39,97.7,0.82,106.2,108.75,104.8,0.07,87.4,109.59,103.6,32.83,100.8,107.6,125.6,45.07,104.2,99.65,109.2,7.94,119.0,111.9,130.6,3.69,103.2,101.36,109.7,0.61,100.1,112.98,103.7,2.24,101.0,103.13,117.6,55.62,107.5,107.44,108.8,9.38
2019-07,97.2,105.2,103.1,18.29,95.2,101.42,95.2,20.34,101.0,107.17,126.7,0.35,98.0,97.63,95.5,4.05,100.2,101.17,99.3,0.43,99.9,109.5,89.3,5.75,91.3,101.7,106.0,8.9,110.0,106.77,99.4,6.88,97.3,105.03,107.8,117.68,92.9,107.7,97.2,90.0,99.9,101.2,111.3,3.01,101.5,111.26,117.4,2.35,87.2,87.9,139.1,55.93,100.4,103.8,101.9,68.52,116.1,115.67,115.3,1.27,110.6,109.96,111.2,3.7,102.2,113.72,95.4,0.78,106.8,108.94,107.0,0.08,85.2,109.51,102.8,33.8,97.6,107.7,116.5,47.83,103.4,99.98,108.9,9.51,119.6,112.27,136.6,3.43,104.0,101.4,103.1,0.75,100.2,112.4,100.2,2.47,101.2,103.18,116.4,62.18,107.5,111.63,114.5,10.87
2019-08,97.3,106.39,96.1,17.23,96.0,102.33,97.1,21.78,96.3,109.18,118.6,0.42,95.3,97.55,98.1,3.98,96.3,101.1,108.1,0.39,99.5,110.0,90.3,5.74,91.6,103.2,99.7,11.0,109.8,106.22,101.7,7.36,96.8,105.82,106.7,116.27,92.8,108.0,98.5,89.0,100.2,101.54,110.7,2.96,99.4,111.66,115.6,2.37,85.2,93.1,138.8,45.97,99.8,103.9,101.9,65.05,113.3,115.65,111.7,1.23,109.2,110.33,99.3,3.7,101.7,113.08,91.5,0.8,107.0,108.76,111.3,0.07,85.2,110.85,100.7,32.75,96.2,107.4,112.1,47.44,102.8,100.36,109.6,8.1,119.7,112.49,140.9,3.25,104.4,101.66,97.1,0.65,100.4,111.05,100.2,2.4,101.3,103.07,117.6,59.13,107.5,107.62,108.5,11.96
2019-09,97.7,102.63,94.1,18.95,98.4,99.66,96.2,22.58,96.6,108.89,113.9,0.53,94.8,97.61,98.2,3.92,92.1,101.97,106.2,0.47,98.7,109.2,88.9,5.94,91.8,101.7,97.3,10.8,109.2,107.43,98.2,7.9,96.4,105.19,105.5,119.56,93.3,107.1,95.4,93.0,100.3,102.05,109.5,2.95,98.0,112.22,129.5,2.44,84.5,94.7,137.7,32.97,99.2,104.0,102.1,69.97,111.5,115.5,113.9,1.27,108.1,110.07,93.8,3.67,100.5,112.78,93.7,0.85,107.0,108.67,105.3,0.08,87.6,110.27,101.2,35.97,96.6,107.6,114.8,49.37,102.4,100.07,108.5,7.48,119.2,112.66,142.7,3.3,104.4,102.47,96.8,0.69,100.5,107.81,107.5,3.0,101.2,103.53,114.3,58.96,107.3,109.21,108.7,12.09
2019-10,98.4,104.22,98.4,21.98,102.6,100.51,101.1,23.58,102.1,109.57,119.2,0.6,96.6,96.69,97.6,4.05,86.8,101.79,108.6,0.53,97.5,111.0,93.5,6.71,91.7,101.0,101.0,12.2,108.2,106.92,98.2,8.71,96.0,105.21,105.0,130.32,94.3,107.6,98.5,103.0,100.2,102.09,111.6,2.84,97.1,113.07,116.5,2.68,85.2,94.4,125.9,61.82,98.6,104.4,101.4,71.73,110.7,116.22,109.3,1.55,107.3,109.61,105.0,4.67,98.7,112.19,96.2,1.02,106.7,108.8,98.6,0.11,92.7,108.31,100.9,39.18,98.8,107.2,113.8,52.35,102.0,100.64,108.7,8.2,118.2,112.96,139.4,3.41,104.1,102.92,107.5,0.77,100.8,108.73,107.4,3.57,101.0,103.64,114.5,63.01,107.0,109.09,110.1,13.84
2019-11,99.2,103.82,98.7,21.22,105.5,101.7,95.7,21.37,105.7,109.27,111.8,0.55,98.1,97.44,101.1,3.96,86.4,101.81,102.5,0.51,96.8,111.5,92.4,6.64,92.1,100.8,99.5,11.1,107.6,107.07,96.2,7.2,95.9,105.52,104.0,116.26,95.2,107.8,92.7,111.0,100.2,102.51,111.0,2.67,98.1,114.0,120.3,2.67,86.7,91.6,138.3,59.89,98.5,104.7,101.9,66.44,111.6,116.42,105.9,1.27,107.9,110.31,107.8,3.71,98.3,112.98,94.4,0.9,106.1,108.76,105.8,0.08,96.7,108.84,98.2,37.76,100.7,107.8,114.2,47.63,102.0,100.21,106.8,6.96,118.7,113.25,135.5,3.49,103.8,102.32,100.3,0.65,101.2,111.1,115.6,4.04,101.3,103.77,113.3,59.05,107.1,103.11,108.6,12.51
2019-12,100.0,103.17,108.8,20.29,107.1,101.17,102.3,22.44,107.2,109.53,113.5,0.52,99.5,98.81,107.2,4.18,90.6,102.52,115.0,0.51,96.7,112.1,97.5,5.88,92.9,100.1,103.9,9.0,107.6,107.4,96.9,6.67,96.1,105.57,109.2,119.88,96.1,107.0,100.5,89.0,100.4,102.62,113.7,2.92,101.1,114.96,124.5,2.5,88.9,92.9,143.7,48.25,98.7,104.7,102.6,68.32,114.5,116.44,105.3,0.98,110.0,108.43,99.4,2.73,99.0,112.49,99.3,0.84,105.3,108.53,97.0,0.1,99.8,108.32,101.1,36.67,102.3,108.4,115.7,43.48,102.3,100.07,105.1,8.07,120.6,113.96,128.5,3.36,103.5,103.59,104.9,0.59,101.9,110.72,119.8,3.54,102.1,104.22,120.0,57.74,107.4,107.29,107.3,9.73
2020-01,100.8,106.35,98.1,20.26,107.5,101.45,104.1,21.99,106.5,111.68,121.4,0.55,100.7,97.65,104.7,3.77,101.3,102.65,112.0,0.54,97.1,112.9,93.5,6.74,94.0,101.8,97.2,10.6,108.1,107.12,99.1,7.78,96.7,105.7,105.1,122.42,96.9,108.1,93.7,100.0,100.6,102.8,118.1,2.74,106.2,115.54,123.7,2.83,92.1,91.1,138.3,56.11,99.2,105.2,104.5,62.98,119.4,116.8,111.4,1.31,113.6,109.77,104.7,3.87,101.1,113.35,96.7,0.95,104.2,108.91,100.6,0.12,102.1,109.86,105.1,38.77,103.7,109.7,123.7,49.93,103.0,99.52,109.2,7.6,124.1,114.67,134.8,2.62,103.2,104.15,102.9,0.66,102.9,113.4,123.6,2.87,103.4,104.04,111.9,57.89,108.0,109.99,114.6,12.55
2020-02,99.9,106.64,98.5,17.39,106.8,101.73,100.2,19.16,108.5,110.98,115.1,0.48,101.6,98.47,102.0,3.3,108.6,102.94,108.4,0.43,96.8,112.6,91.5,5.72,93.9,101.0,99.0,8.9,108.6,108.75,100.2,6.68,96.7,105.72,104.9,108.38,96.0,107.3,95.3,85.0,100.7,102.88,112.2,2.67,108.1,115.8,121.4,2.09,93.4,90.4,126.9,53.26,99.4,105.2,104.0,59.4,120.8,115.88,109.8,1.09,114.5,108.68,97.9,3.54,101.9,112.74,98.2,0.77,103.6,108.99,107.8,0.09,99.0,108.58,105.7,34.22,103.2,109.6,124.7,47.58,103.1,100.09,108.5,6.79,126.5,114.67,124.3,2.49,103.0,104.64,99.9,0.59,102.3,115.62,125.1,2.61,103.4,104.14,110.8,51.6,108.7,110.39,109.1,11.56
2020-03,97.5,106.46,92.0,19.52,105.2,102.0,101.4,21.26,113.4,110.49,116.6,0.52,102.2,97.98,101.2,3.89,113.5,103.39,107.7,0.4,95.9,113.1,93.2,5.93,92.4,103.3,97.6,10.0,109.1,109.67,98.3,7.69,96.3,105.98,104.4,119.04,93.6,108.9,97.3,96.0,100.9,102.72,115.5,2.75,106.6,115.9,119.9,1.88,92.7,92.6,165.0,55.37,99.2,105.5,104.1,60.76,118.5,118.89,105.8,1.24,112.6,109.12,106.8,3.38,101.4,113.21,95.6,0.85,103.3,109.15,106.0,0.1,91.1,111.75,105.3,34.46,100.8,110.4,118.2,45.78,102.5,100.25,107.1,8.24,127.8,115.42,121.8,2.47,103.0,105.23,96.1,0.58,100.3,116.93,119.4,2.98,102.0,104.57,111.4,54.63,109.6,112.13,111.7,12.18
2020-04,93.5,106.02,83.1,16.18,102.7,103.94,93.2,20.58,121.5,112.38,112.2,0.44,102.4,96.86,98.6,2.73,116.6,104.57,106.4,0.32,94.3,111.4,93.7,5.4,89.7,101.9,94.0,8.4,109.6,106.6,109.0,7.09,95.3,106.94,98.9,119.94,89.6,108.8,96.6,81.0,101.0,102.73,116.2,3.56,101.8,118.14,129.5,2.63,90.0,89.3,144.6,40.86,98.6,105.7,100.5,53.93,112.8,117.56,109.1,1.16,108.2,110.81,114.1,2.72,99.5,115.44,93.6,0.79,103.5,109.87,101.4,0.1,79.1,113.8,98.5,30.92,96.6,110.6,124.7,37.92,101.4,94.5,102.7,6.87,127.9,116.33,123.7,2.01,103.0,104.91,95.0,0.58,97.0,118.64,106.5,2.6,99.4,104.99,98.9,49.29,110.7,114.0,111.5,11.09
2020-05,92.1,102.4,85.8,17.19,101.3,103.04,98.9,19.97,124.0,109.21,111.3,0.44,102.6,97.14,91.1,3.14,117.4,104.18,102.3,0.32,93.5,112.3,94.5,5.73,88.6,102.6,96.7,8.5,109.9,105.84,105.8,5.85,94.9,107.77,100.6,111.04,88.0,110.3,94.6,76.0,101.1,102.45,110.4,2.86,99.0,118.54,118.9,2.1,89.2,92.0,143.1,42.99,98.0,105.8,96.8,58.5,110.1,119.18,109.9,1.13,106.2,111.03,108.4,3.15,98.1,115.35,89.5,0.79,104.0,110.17,100.7,0.09,73.2,113.12,96.8,33.33,95.2,110.3,118.6,43.82,100.4,100.87,101.6,8.03,128.7,117.0,123.1,2.38,103.0,110.59,98.8,0.59,94.8,117.59,104.8,3.18,97.5,105.0,99.7,51.71,111.5,117.18,113.6,10.73
2020-06,93.1,104.64,89.8,18.26,101.1,103.51,101.5,21.7,120.5,111.56,116.0,0.41,102.7,97.27,91.1,3.76,116.1,104.25,101.5,0.34,93.5,112.5,94.7,6.12,89.0,101.2,100.7,11.0,109.9,107.76,107.6,6.48,95.2,107.34,111.1,126.53,88.5,111.5,89.4,88.0,101.4,103.51,111.6,2.96,98.0,118.78,115.9,2.15,90.2,89.8,150.1,56.62,97.4,105.5,101.1,60.76,110.1,119.43,114.1,0.95,106.7,110.0,100.9,3.22,96.9,114.86,95.3,0.88,105.1,110.17,106.7,0.08,71.8,114.28,100.8,36.12,96.2,110.0,115.9,51.99,99.6,101.47,102.5,9.23,130.2,117.27,119.0,2.53,103.0,107.48,100.5,0.69,94.0,114.58,102.3,2.67,96.3,104.82,106.0,57.67,112.2,115.92,114.6,11.3
2020-07,96.5,106.22,92.7,17.53,101.9,102.75,101.2,21.09,111.4,113.14,121.2,0.41,102.6,96.26,90.8,4.03,112.4,103.75,121.2,0.35,94.3,110.5,92.3,5.97,90.9,102.0,103.0,9.1,109.7,110.01,107.0,7.22,96.1,106.19,116.0,120.85,91.1,109.9,95.9,88.0,101.6,103.18,109.2,3.08,98.8,119.36,126.8,2.52,93.1,87.9,144.0,58.38,96.7,105.4,103.1,61.34,112.9,119.43,112.7,1.38,109.5,107.94,106.6,3.97,96.1,114.9,98.9,0.86,106.6,109.93,105.0,0.1,74.6,115.06,99.0,36.47,99.8,109.8,119.8,54.01,98.9,100.17,100.7,9.21,132.6,117.69,123.4,2.79,102.9,108.45,90.1,0.72,94.2,114.72,98.2,2.62,95.8,104.94,111.5,61.27,112.6,118.64,112.1,10.14
2020-08,98.7,107.31,92.6,16.01,102.1,104.87,100.6,20.65,107.4,111.85,115.4,0.39,102.3,96.71,91.1,3.79,108.5,103.92,100.4,0.31,94.6,111.6,89.2,5.59,92.0,100.5,101.1,10.8,109.3,108.2,100.4,6.98,96.7,106.7,110.9,115.5,92.6,108.3,97.5,85.0,101.9,103.17,106.7,3.05,100.1,119.39,123.8,2.28,94.6,88.7,141.6,52.32,96.4,105.3,104.4,58.56,113.8,117.77,110.8,1.15,110.3,108.94,113.4,3.4,95.3,115.13,98.1,0.73,106.6,109.81,101.1,0.08,77.2,113.96,100.1,34.95,102.1,109.2,126.8,45.84,98.3,99.95,106.8,9.1,132.9,117.91,132.1,2.78,102.7,107.39,98.5,0.66,94.2,114.92,99.4,2.46,95.4,104.78,114.3,57.85,112.9,117.86,109.9,11.27
2020-09,99.7,106.4,89.6,18.55,101.7,103.33,100.0,21.35,107.7,114.57,110.0,0.62,101.8,97.16,90.4,3.97,103.5,104.19,96.4,0.41,94.6,111.3,89.6,5.97,92.3,99.8,98.5,11.4,108.6,108.69,99.4,7.93,97.0,106.76,108.6,122.77,92.9,108.3,96.8,94.0,102.0,102.67,107.8,2.94,101.9,119.58,121.4,2.46,94.7,88.3,140.4,55.63,96.4,105.3,103.2,62.6,112.6,120.95,103.2,1.3,109.0,108.25,106.3,3.73,94.4,115.34,96.8,0.88,105.2,109.73,113.2,0.1,79.5,112.97,103.8,39.16,103.2,109.6,121.8,49.97,98.0,101.11,108.3,8.55,131.2,118.01,125.3,2.98,102.4,107.63,93.8,0.81,93.8,114.88,106.1,3.18,95.3,105.01,108.5,60.14,113.0,116.17,109.1,13.11
2020-10,99.3,107.34,93.6,19.79,100.6,103.47,99.2,22.53,112.5,113.77,111.8,0.63,101.0,96.3,95.3,3.9,96.8,104.22,103.3,0.42,94.2,110.2,91.6,6.31,91.7,101.1,99.2,11.4,107.7,109.83,98.5,7.93,97.0,106.79,102.0,123.63,91.9,109.2,92.0,103.0,102.1,102.76,111.6,2.76,104.2,119.6,125.8,2.42,93.3,88.5,152.4,57.58,96.8,104.8,99.6,66.06,109.4,120.91,111.4,1.47,105.6,108.62,105.4,4.34,93.6,115.52,94.3,0.96,102.2,110.32,104.8,0.09,81.6,111.92,97.0,41.4,102.8,109.5,123.0,49.35,97.8,100.04,105.6,8.11,127.5,118.08,134.2,3.05,102.0,107.87,91.9,0.7,93.2,114.56,109.7,3.65,95.4,105.1,102.6,59.54,113.0,115.8,109.8,13.22
2020-11,99.6,102.41,85.3,19.41,100.0,103.03,97.0,21.19,113.9,114.22,115.6,0.72,100.6,97.27,99.0,3.44,95.4,104.03,104.7,0.34,93.9,110.8,92.2,6.41,90.8,101.4,96.3,10.9,107.5,107.84,100.2,7.46,97.1,107.42,101.1,117.28,92.2,107.7,90.3,98.0,102.1,102.63,109.4,2.62,106.2,119.79,125.6,2.42,93.0,88.9,127.4,55.88,97.2,105.1,97.1,56.26,108.5,121.03,109.1,1.25,105.2,107.7,103.3,3.72,93.6,115.77,93.1,0.85,100.9,110.32,100.2,0.1,83.6,111.06,95.5,34.94,103.5,109.2,121.5,38.87,97.9,99.98,98.6,8.19,125.5,118.24,127.1,2.9,102.0,107.55,88.8,0.7,93.6,114.39,104.8,3.91,95.9,105.39,100.0,56.31,113.6,115.24,108.3,12.95
2020-12,100.5,105.52,85.1,18.28,99.8,103.38,96.8,23.05,111.8,111.69,109.7,0.63,100.8,95.91,98.5,3.65,98.9,104.22,107.6,0.47,93.7,112.0,95.5,6.63,89.4,101.1,103.8,10.2,107.9,107.21,98.7,7.42,97.4,107.62,105.9,127.21,94.0,107.1,96.7,96.0,102.1,102.24,112.2,2.72,107.8,119.74,128.9,2.3,93.6,87.9,117.9,48.39,97.6,105.0,98.0,71.12,109.7,120.35,108.5,1.08,107.6,108.36,103.1,2.71,94.7,115.75,101.3,0.93,101.3,112.17,101.9,0.11,85.6,111.52,96.9,38.11,105.2,110.1,124.1,44.34,98.5,99.69,100.2,7.87,125.2,118.61,128.1,3.2,102.5,107.48,98.4,0.66,95.1,110.53,103.8,3.78,96.8,105.58,105.4,59.85,114.7,115.06,105.8,10.91
2021-01,102.1,99.28,80.8,16.05,100.0,103.16,95.8,19.4,106.4,113.8,115.6,0.52,101.4,96.36,99.8,3.22,108.6,104.69,109.1,0.56,93.6,115.0,95.2,5.93,87.7,101.2,97.2,9.8,108.9,107.3,102.7,6.67,97.7,107.29,100.3,113.56,97.1,109.9,86.3,84.14,102.0,103.74,116.5,2.95,109.0,119.72,126.6,2.25,95.3,87.3,142.7,44.72,98.1,105.1,98.4,55.78,113.3,120.15,105.1,1.17,113.0,108.14,122.7,3.05,96.6,115.38,91.5,0.79,103.2,112.23,110.3,0.09,87.5,113.04,93.6,31.77,108.1,111.1,117.1,39.71,99.4,100.34,102.5,7.15,126.6,118.95,137.8,2.57,103.5,107.48,95.0,0.75,97.6,113.32,107.9,2.69,98.2,105.8,98.0,51.78,116.4,117.73,109.6,10.3
2021-02,103.3,105.66,82.0,16.01,100.7,101.99,95.0,18.7,106.0,112.45,116.0,0.46,102.5,96.5,99.0,3.06,114.8,104.52,102.5,0.49,94.0,111.8,90.4,5.74,87.1,101.3,95.7,8.7,109.5,107.66,101.3,6.66,98.1,107.54,104.3,109.5,99.5,110.2,92.0,86.1,101.9,103.21,117.0,2.54,110.4,120.02,121.8,1.99,97.3,85.7,134.4,43.43,98.6,105.2,99.5,58.55,116.8,122.22,110.6,1.02,116.9,105.77,115.2,2.51,98.6,115.86,95.0,0.82,104.6,112.07,105.1,0.09,88.7,112.05,97.4,30.44,110.9,112.0,120.5,42.55,100.0,99.35,101.7,6.84,127.9,118.86,133.4,2.61,103.9,107.83,91.1,0.71,99.7,114.3,104.1,2.73,99.5,105.84,99.8,51.57,117.8,117.38,109.6,10.13
2021-03,103.9,105.99,80.7,20.34,101.7,102.35,97.1,21.88,110.8,114.88,112.7,0.51,104.1,96.76,100.2,3.62,118.3,105.41,105.3,0.51,94.7,111.5,97.3,6.17,87.6,100.3,101.6,11.0,109.8,107.86,98.5,7.34,98.8,107.57,106.5,131.87,101.0,109.1,93.4,102.47,101.8,103.13,103.4,2.65,112.2,120.33,125.5,1.82,99.7,87.5,133.4,51.59,99.2,105.3,99.2,68.52,120.3,118.36,111.6,1.35,119.3,106.34,128.1,4.04,100.6,116.49,96.5,1.01,105.6,111.44,112.4,0.1,89.0,113.15,99.2,39.45,113.7,112.0,127.3,51.63,100.3,99.46,104.2,8.91,129.2,119.26,141.3,2.77,103.8,107.93,94.8,0.83,101.1,114.47,106.9,3.49,100.8,105.67,104.7,59.22,119.0,119.58,109.9,11.67
2021-04,104.1,105.14,82.1,17.97,103.1,103.0,96.3,20.57,121.5,113.94,115.4,0.44,106.4,96.42,100.7,3.24,119.3,104.58,116.8,0.4,95.8,110.8,95.0,6.04,89.2,103.0,104.2,9.0,109.7,106.91,106.8,6.72,99.7,107.9,105.3,119.8,101.6,111.7,97.6,85.75,101.7,102.61,117.6,2.38,114.4,120.17,132.7,2.8,102.5,87.7,140.0,45.46,99.8,105.4,104.5,60.7,123.9,122.16,114.2,1.33,119.9,106.2,114.0,3.72,102.6,115.48,96.0,0.96,106.0,111.31,111.0,0.09,88.6,111.7,101.5,34.83,116.4,112.8,131.1,45.99,100.2,100.17,108.7,7.92,130.4,119.61,128.7,2.71,103.1,108.0,101.6,0.71,102.0,113.13,106.5,3.06,102.1,105.9,102.5,56.51,119.9,119.32,112.5,10.53
2021-05,104.7,103.96,94.8,17.42,104.9,103.47,102.9,20.75,126.7,115.07,115.7,0.43,107.0,95.39,97.4,3.54,118.7,104.08,122.3,0.46,96.9,110.4,90.7,6.02,91.9,103.3,106.3,9.5,109.6,108.73,110.6,6.44,100.5,107.94,111.7,116.77,102.7,111.6,95.6,79.91,101.4,102.64,119.2,2.79,114.2,121.27,136.3,2.5,104.9,85.8,132.2,46.26,100.4,105.7,108.6,54.51,126.8,122.28,116.4,1.24,121.0,108.97,121.2,3.69,104.0,116.64,99.3,0.86,106.0,111.42,106.9,0.09,89.1,112.15,104.1,34.2,118.4,113.6,117.3,46.57,100.2,101.74,109.0,9.74,131.8,119.9,137.0,2.48,102.8,109.57,99.8,0.78,102.7,113.13,105.2,2.86,102.6,105.77,110.2,60.74,120.5,122.25,110.8,10.9
2021-06,105.9,103.66,99.4,16.53,107.1,104.59,103.6,20.47,125.8,115.37,123.6,0.41,105.9,97.04,100.2,3.63,116.2,104.35,112.5,0.44,98.0,107.5,92.3,5.94,95.7,102.6,111.0,11.0,109.6,108.91,102.3,6.37,101.4,108.72,121.1,121.56,104.1,110.6,100.4,85.31,100.8,102.51,118.0,2.74,111.6,120.97,131.5,2.47,106.8,86.1,131.8,46.78,100.7,105.5,111.4,57.99,129.2,121.54,115.0,1.13,122.4,110.31,124.7,3.33,104.6,116.75,105.8,0.89,105.5,111.38,117.5,0.09,90.8,111.74,107.9,38.67,119.7,114.1,125.8,50.51,100.2,101.46,110.4,9.53,133.3,120.18,142.0,2.74,102.9,110.78,103.5,0.72,103.2,113.4,106.6,2.52,102.2,105.9,120.8,62.68,120.7,121.29,113.3,10.99
2021-07,107.7,105.86,100.1,16.16,109.8,103.53,104.2,19.75,118.8,113.27,127.4,0.45,103.3,96.82,104.3,3.98,111.5,104.8,129.5,0.39,99.1,108.6,96.2,5.37,101.0,104.0,112.4,8.1,109.7,109.32,111.5,6.48,102.2,108.71,124.8,113.07,106.1,111.8,105.9,83.01,100.1,102.72,119.9,2.89,106.8,121.94,142.1,2.47,108.3,86.1,131.7,52.06,100.9,105.8,111.9,62.57,131.0,117.19,115.6,1.35,124.3,109.68,121.3,3.94,104.7,118.33,103.5,0.81,104.5,111.42,121.3,0.07,93.7,111.91,112.4,34.3,120.2,114.6,127.5,49.73,100.2,102.8,110.0,9.62,134.9,121.06,149.3,3.0,103.2,111.07,102.2,0.74,103.6,115.35,110.5,2.31,100.9,105.87,122.8,62.26,120.6,121.15,118.3,9.77
2021-08,109.7,105.73,103.5,16.9,111.8,105.06,104.5,20.37,113.4,113.48,128.6,0.5,102.8,97.25,107.4,4.06,107.3,105.1,121.0,0.42,100.3,109.3,96.7,5.79,105.8,103.7,108.0,11.0,110.1,109.97,107.6,7.63,103.4,109.29,120.0,117.87,108.4,111.9,106.1,86.04,100.8,102.16,119.3,2.98,107.1,123.01,140.4,2.4,108.8,86.2,133.0,53.32,101.6,106.3,117.8,61.12,133.0,120.63,108.4,1.32,126.4,112.26,117.9,3.59,104.4,118.19,106.2,0.76,104.6,111.58,110.0,0.09,97.2,113.56,114.2,34.04,123.7,115.6,137.2,45.97,100.4,103.48,114.2,9.73,136.3,121.62,142.7,3.03,103.6,110.85,101.0,0.78,105.4,116.27,111.2,2.55,101.5,105.88,131.2,62.91,120.6,122.47,118.9,11.58
2021-09,112.0,104.9,102.8,17.74,113.1,105.44,113.2,20.57,109.2,111.87,124.6,0.83,104.3,97.94,109.7,3.93,102.8,104.96,122.9,0.54,101.5,110.7,97.3,6.06,110.2,102.7,114.5,11.4,110.9,111.25,107.2,7.67,104.9,109.06,122.1,120.45,111.0,112.9,106.4,89.91,102.9,103.06,121.6,2.89,112.7,123.76,138.8,2.56,108.2,86.6,142.9,55.68,102.9,106.3,119.5,65.62,135.1,120.4,113.8,1.49,128.8,112.31,117.0,4.01,103.9,119.17,105.2,0.88,105.8,111.63,111.4,0.08,101.6,112.2,115.8,38.54,130.4,116.6,135.6,47.04,100.8,102.4,117.2,8.65,137.4,121.92,155.8,3.15,104.0,111.94,102.6,0.79,108.6,115.77,119.3,3.32,103.8,106.25,133.4,63.47,120.6,120.78,117.6,12.72
2021-10,114.6,105.45,108.3,18.65,113.7,104.6,107.6,21.08,106.2,115.74,131.0,0.8,108.1,98.84,113.7,3.69,97.2,104.95,126.4,0.58,102.9,112.4,104.4,6.26,114.1,103.7,114.1,10.5,112.0,111.36,112.6,7.7,106.8,108.86,122.7,115.74,114.1,114.3,109.2,91.43,106.5,103.43,128.7,2.65,124.3,124.85,148.7,2.36,106.6,86.9,140.6,53.48,104.8,106.6,121.7,62.62,137.5,121.27,120.1,1.49,131.4,111.73,124.5,4.47,103.0,120.05,107.8,0.89,108.0,112.29,120.6,0.07,107.1,113.66,116.6,36.45,140.8,119.2,141.8,46.03,101.5,103.42,122.6,8.5,138.4,122.44,163.3,3.31,104.4,111.43,112.2,0.81,113.3,112.36,124.5,3.86,108.1,107.42,137.5,60.28,120.7,121.11,122.8,12.49
2021-11,116.8,104.78,111.4,21.67,114.4,104.35,111.9,21.62,105.3,114.72,139.2,0.95,111.9,102.82,118.1,3.67,95.8,104.66,131.1,0.58,104.1,110.1,105.9,6.93,117.0,104.7,118.5,11.8,112.8,110.86,109.3,8.24,109.0,109.21,127.8,123.13,118.3,115.7,114.9,106.71,109.0,104.15,135.7,2.7,131.6,126.1,161.1,2.6,106.5,85.7,143.9,56.15,106.9,106.9,124.2,64.43,142.9,122.83,122.0,1.45,135.8,115.6,133.0,4.1,103.9,119.48,112.3,0.91,109.9,113.33,118.5,0.1,111.3,112.83,123.0,39.27,148.9,124.1,143.3,45.31,102.8,105.88,123.2,8.67,140.8,122.74,148.0,4.04,104.7,113.63,102.6,0.72,117.6,113.16,133.5,4.35,112.1,109.9,145.5,63.84,121.1,118.87,121.5,13.28
2021-12,118.7,105.6,111.3,18.31,115.2,105.1,120.4,21.98,106.4,115.6,144.6,0.81,116.0,104.3,116.6,3.54,98.2,105.41,133.1,0.53,105.0,111.4,103.4,6.31,118.9,106.8,118.3,10.4,113.2,110.86,112.5,7.75,111.5,109.57,127.3,121.01,123.8,116.7,117.0,91.27,110.6,106.58,138.9,2.87,133.9,130.34,167.5,2.71,107.8,87.4,149.1,45.58,109.2,107.4,124.5,75.47,151.5,125.9,124.3,1.19,142.1,119.91,138.0,3.25,106.5,120.21,114.3,0.92,111.6,114.26,118.3,0.08,114.3,116.54,122.6,37.69,154.2,130.2,153.7,44.08,104.7,111.67,126.9,7.73,145.0,123.38,154.6,3.78,104.8,114.86,109.3,0.69,121.3,114.3,139.2,3.82,115.6,111.96,133.8,62.63,121.7,121.38,126.9,11.44
2022-01,120.4,104.64,112.6,16.1,116.0,105.97,116.9,19.83,109.6,117.19,142.4,0.71,120.4,105.92,117.6,3.1,105.3,105.63,129.9,0.58,105.7,113.5,105.2,5.78,119.8,107.3,117.0,9.77,113.2,113.27,117.5,6.77,114.4,110.55,125.8,109.0,130.8,118.7,112.1,77.6,111.0,106.25,140.1,3.56,130.8,134.15,160.2,2.2,110.7,87.5,146.9,47.36,111.7,108.2,123.9,57.5,164.2,125.5,132.7,1.16,150.7,123.07,150.0,3.01,111.1,122.54,104.1,0.76,113.0,115.55,107.2,0.09,116.2,117.26,119.3,31.64,156.4,133.8,155.4,41.39,107.2,112.59,129.2,7.54,150.9,124.57,149.3,3.03,104.8,117.75,113.0,0.66,124.4,116.98,138.3,2.73,118.8,112.12,130.0,56.19,122.6,123.32,128.8,10.45
2022-02,122.7,107.99,112.5,16.28,117.2,106.03,128.5,18.2,116.4,119.9,152.0,0.68,125.5,107.93,124.2,2.99,109.3,105.76,138.5,0.52,108.5,115.4,106.6,5.4,122.7,111.6,122.6,8.42,115.2,114.52,121.4,6.69,118.2,111.35,132.7,102.69,136.3,120.1,116.5,77.13,112.5,107.52,148.8,2.67,132.9,136.69,163.1,1.98,114.9,87.6,151.2,49.74,114.5,108.7,125.1,58.93,175.6,127.02,130.0,1.1,160.4,122.58,149.3,2.73,116.3,122.95,110.0,0.77,115.1,116.21,130.0,0.09,118.9,119.55,126.3,31.2,161.4,133.0,158.3,44.29,109.7,112.22,130.6,7.6,156.3,125.75,153.0,3.0,105.9,120.1,124.3,0.53,128.1,117.18,141.2,2.73,122.5,112.64,136.5,56.18,124.5,124.34,133.2,10.33
2022-03,125.9,108.78,135.1,19.36,118.9,107.18,125.2,20.81,127.4,124.99,156.6,0.66,131.7,109.79,132.4,3.17,110.7,107.07,151.2,0.59,113.6,115.1,123.1,6.25,128.0,115.3,130.4,10.41,119.1,114.83,128.9,7.59,123.3,112.71,143.9,126.51,140.3,123.9,123.7,89.33,115.3,108.18,153.0,2.7,140.3,141.52,191.1,1.85,120.5,90.0,120.2,53.42,117.6,109.4,132.5,71.76,185.6,133.86,138.3,1.54,171.4,125.77,160.4,4.47,122.3,125.39,113.5,0.91,118.1,120.77,127.7,0.11,122.7,123.59,135.9,37.7,169.4,136.7,168.2,52.67,112.3,115.32,137.1,9.44,161.1,128.71,165.6,2.81,108.2,122.76,124.2,0.8,132.4,116.98,144.1,3.34,126.8,113.92,152.8,62.19,127.5,127.39,140.1,11.28
2022-04,129.9,117.25,135.8,18.69,121.0,108.4,142.0,20.17,144.0,128.93,166.1,0.48,139.3,114.01,141.6,3.06,109.8,112.32,146.1,0.45,121.4,126.5,122.0,5.44,136.0,122.2,143.5,8.77,125.4,116.6,141.9,5.87,129.7,114.91,151.0,112.49,142.6,132.5,133.7,77.72,119.3,115.12,160.7,2.61,154.0,154.33,198.9,2.57,127.7,91.9,167.1,51.78,121.1,110.8,138.4,65.38,194.0,140.76,156.7,1.21,184.2,135.36,183.4,3.65,129.4,129.33,118.6,0.77,122.1,126.19,130.0,0.08,127.9,131.74,138.5,34.25,180.9,145.3,172.9,44.34,114.9,120.99,148.1,8.28,165.2,131.7,183.7,2.47,111.9,128.2,132.3,0.65,137.4,132.05,153.9,2.97,131.8,117.98,161.8,59.36,131.7,132.22,151.8,9.66
2022-05,132.1,115.97,141.2,18.5,122.0,108.94,141.4,20.66,153.1,131.37,184.6,0.51,139.4,115.37,142.7,3.19,110.2,113.4,170.5,0.52,126.5,127.2,122.0,5.8,144.4,126.4,139.8,9.46,130.6,126.36,145.3,6.46,133.9,117.15,149.5,116.94,142.8,136.3,136.9,81.74,121.9,116.07,163.8,2.92,163.5,161.97,201.4,2.18,131.6,92.0,154.3,50.81,123.4,111.7,141.1,65.13,198.1,143.56,167.3,1.18,191.1,140.4,193.3,3.59,133.4,131.55,116.2,0.8,124.7,127.88,148.0,0.09,130.6,137.21,146.6,36.56,187.1,149.4,178.9,45.78,116.4,123.02,152.8,10.93,168.7,133.96,196.6,2.87,114.0,134.57,134.1,0.68,139.9,130.84,152.5,2.75,135.1,118.82,162.7,67.18,135.1,136.48,156.9,11.32
2022-06,132.5,117.61,134.1,15.76,121.7,111.6,134.0,19.53,153.5,132.64,196.3,0.42,131.9,117.53,145.1,3.49,111.9,114.38,171.4,0.44,128.6,129.1,103.1,5.58,153.5,130.9,140.3,10.63,134.6,132.03,146.5,6.79,136.0,118.84,155.5,114.71,140.9,136.9,134.8,73.48,123.0,116.83,158.9,2.91,167.9,170.64,206.8,2.17,131.8,93.1,166.5,48.25,124.5,112.3,140.5,56.38,197.8,147.25,167.7,1.02,191.5,144.04,189.3,3.23,134.3,133.46,116.2,0.8,125.7,129.83,136.4,0.07,130.9,140.41,146.4,35.25,187.3,149.7,174.1,47.73,116.8,123.84,149.4,9.6,171.7,135.36,204.5,2.8,114.6,139.37,131.2,0.61,139.6,134.34,153.6,2.58,136.5,119.83,166.1,65.24,137.7,142.79,162.0,10.9
2022-07,131.0,114.18,133.3,13.9,120.2,111.56,136.7,16.86,145.1,134.31,183.2,0.41,117.8,117.33,144.4,3.63,115.5,115.94,163.0,0.36,127.6,132.8,123.9,4.8,163.5,133.8,143.0,8.0,137.3,132.45,149.2,6.15,135.6,119.78,151.1,103.38,137.0,137.6,133.4,72.09,122.5,118.75,164.2,3.09,166.8,174.37,203.2,2.12,128.2,95.9,167.6,49.33,124.3,112.7,139.7,57.83,193.0,155.52,164.9,1.18,185.3,145.47,184.1,3.5,132.0,133.41,117.4,0.74,125.2,130.56,145.5,0.07,128.8,139.99,146.6,31.49,181.7,150.9,175.2,43.2,116.0,123.89,150.2,9.32,174.1,136.82,193.5,2.84,113.5,140.89,134.4,0.64,136.7,136.72,151.7,2.16,136.0,121.2,169.3,62.16,139.4,143.01,161.4,9.76
2022-08,130.4,116.59,129.0,17.66,119.7,113.88,125.9,20.09,140.7,136.54,179.8,0.36,113.0,117.37,144.4,4.11,118.3,117.6,159.7,0.35,126.9,133.9,119.9,5.5,167.9,133.1,136.7,11.34,139.4,132.19,139.9,7.98,135.8,121.25,153.4,117.49,134.8,136.2,131.2,80.83,124.9,120.53,159.1,2.61,166.3,177.58,209.0,2.21,124.9,96.2,163.0,55.99,124.3,113.7,140.1,60.18,188.2,154.97,166.0,1.17,179.8,147.12,182.5,3.31,130.6,134.05,113.5,0.77,124.7,130.71,139.3,0.08,127.9,142.07,143.4,35.89,178.3,151.3,178.1,45.63,116.1,125.47,148.8,9.89,175.1,139.93,190.2,3.17,112.3,143.82,134.0,0.61,136.1,137.81,158.0,2.73,136.4,121.95,169.8,65.68,140.6,143.99,159.8,12.18
2022-09,130.8,116.28,128.7,17.14,120.2,114.4,132.4,20.76,139.8,140.79,183.5,0.74,116.2,116.81,142.3,3.76,121.0,127.74,151.7,0.39,126.5,135.9,115.7,5.85,166.2,131.9,128.3,10.77,140.8,138.56,138.6,7.0,136.6,121.48,150.2,116.96,134.2,139.2,130.4,87.23,130.2,121.14,156.9,3.22,166.6,181.54,219.4,2.23,121.6,96.2,175.2,57.6,124.6,114.7,140.1,65.26,183.2,158.13,159.4,1.28,174.8,148.32,183.9,4.1,130.1,133.57,114.9,0.84,123.9,130.48,144.7,0.08,128.1,140.25,141.6,38.03,176.9,152.7,184.7,45.29,117.0,125.5,150.6,8.37,174.6,141.86,194.6,3.31,110.8,145.78,127.3,0.76,137.6,138.6,155.4,3.24,137.9,121.82,163.1,64.41,141.3,142.64,152.1,12.54
2022-10,132.1,115.18,133.1,17.92,121.7,113.85,130.9,19.98,142.4,143.63,183.7,0.69,128.2,117.54,141.5,3.6,124.0,130.61,153.9,0.43,126.5,138.1,117.2,5.79,158.6,129.4,133.1,10.4,141.6,137.6,146.1,7.32,137.9,122.4,143.4,111.88,135.2,140.0,128.9,83.87,139.0,122.14,162.2,3.05,167.5,183.0,222.9,1.89,118.5,96.3,159.9,55.38,125.1,115.8,137.3,61.88,177.9,170.46,166.9,1.28,170.1,149.0,177.2,3.84,130.4,134.99,113.9,0.86,123.0,130.77,141.5,0.08,129.5,140.57,142.1,35.59,177.6,154.6,183.6,42.1,118.7,127.44,146.0,7.9,172.7,142.92,188.7,3.03,109.2,146.66,129.7,0.64,141.4,138.75,157.9,3.4,140.4,123.4,158.0,59.37,141.5,141.52,159.2,12.4
2022-11,132.9,116.18,129.3,20.44,122.9,115.14,128.9,20.13,143.5,147.68,176.8,0.73,137.1,117.53,142.4,3.48,125.3,131.05,162.8,0.44,126.5,140.2,118.1,6.49,151.4,124.0,130.2,11.54,141.9,133.51,138.3,8.22,138.9,123.47,145.9,116.3,136.0,139.8,126.3,102.03,144.4,123.81,161.5,2.96,167.5,185.44,228.3,2.24,118.8,96.4,166.0,57.09,126.0,116.3,135.2,62.46,175.5,167.61,171.3,1.32,168.3,150.57,168.6,3.71,131.3,134.81,114.8,0.88,123.0,131.79,145.5,0.1,130.6,141.42,140.5,37.67,177.9,154.8,178.4,48.5,120.5,127.16,145.1,7.65,173.0,144.42,188.9,3.42,109.3,148.74,126.2,0.64,144.0,140.51,166.3,4.0,142.6,124.44,156.1,58.45,142.0,141.85,148.9,13.31
2022-12,133.4,118.84,132.1,18.37,123.8,116.22,139.9,21.12,143.1,152.3,169.3,0.65,142.4,119.02,144.2,3.65,125.0,132.96,157.7,0.43,126.5,138.8,118.5,5.9,144.5,122.4,135.2,9.49,142.0,131.91,139.5,7.14,139.3,123.95,150.8,112.97,136.5,138.9,124.0,84.42,146.0,126.51,165.0,3.24,166.6,186.74,237.1,2.05,122.8,96.3,168.2,44.68,127.5,117.0,136.9,64.54,175.7,166.12,169.0,1.09,169.0,151.0,169.0,3.16,132.8,133.8,117.8,0.82,124.0,132.24,140.0,0.09,131.7,141.06,137.3,36.25,177.8,155.3,184.8,39.68,122.4,129.02,144.4,7.26,175.5,146.17,181.5,2.87,111.2,149.71,131.4,0.56,145.2,142.92,164.4,3.43,144.3,126.78,151.1,55.13,142.9,140.24,154.3,11.11
2023-01,133.5,117.86,129.5,17.51,124.3,117.68,132.0,19.66,141.2,153.64,183.5,0.66,144.0,119.24,142.3,3.33,123.2,132.94,141.1,0.48,126.4,140.9,115.7,5.85,137.8,124.4,127.7,9.57,141.7,131.02,143.2,7.56,139.3,125.12,143.0,112.02,136.7,138.8,126.1,81.46,143.8,127.68,167.2,3.34,164.7,188.91,215.2,2.14,130.8,97.3,169.2,49.46,129.4,117.5,133.9,49.04,178.6,163.6,156.0,1.14,172.5,151.66,170.5,3.54,135.1,135.75,114.1,0.77,125.8,135.21,142.0,0.1,132.6,141.57,131.5,35.18,177.2,156.3,169.8,41.84,124.3,130.01,138.8,7.09,180.3,147.13,186.3,2.48,115.0,152.16,129.9,0.63,145.0,144.3,165.8,2.62,145.7,127.53,141.8,53.29,144.3,143.37,160.7,11.07
2023-02,132.5,119.5,131.6,15.82,124.7,118.77,132.7,17.63,143.1,156.05,171.0,0.55,146.0,119.34,143.7,3.12,124.0,132.34,161.4,0.39,126.3,137.4,112.7,5.4,134.7,123.0,127.7,8.67,142.1,132.81,140.8,6.03,139.4,126.17,146.0,101.48,135.7,140.8,125.2,71.93,143.1,130.14,168.3,3.08,164.9,191.57,204.8,1.81,135.8,95.9,172.3,47.91,130.7,117.7,134.7,43.53,180.3,162.73,165.9,1.23,175.2,151.15,165.0,3.16,136.8,136.61,115.6,0.76,126.9,135.6,138.0,0.08,132.9,140.67,134.7,33.31,176.7,157.0,177.0,43.58,126.2,131.91,143.6,6.55,183.8,148.15,197.0,2.38,117.1,151.45,136.4,0.55,144.6,144.54,168.8,2.52,146.7,128.12,140.5,51.69,145.6,143.41,156.4,10.39
2023-03,130.6,116.99,130.7,19.6,124.8,121.33,129.0,21.41,148.9,157.55,179.0,0.54,148.5,119.2,143.4,3.66,127.7,133.13,164.6,0.44,126.2,137.7,116.5,6.19,134.9,121.4,137.4,10.04,143.4,131.95,139.6,7.68,139.4,126.74,150.2,121.81,133.5,139.2,134.0,95.74,144.1,131.38,165.6,3.09,167.1,191.87,209.2,1.7,137.3,99.2,167.6,49.56,131.5,118.2,133.4,43.39,181.0,161.72,158.9,1.28,177.1,156.36,168.3,4.07,137.9,138.14,118.6,0.88,127.3,136.52,149.5,0.09,132.3,141.4,138.8,39.41,176.2,156.7,178.0,51.98,128.2,133.37,141.0,7.58,185.8,149.73,205.7,2.65,117.4,154.72,125.1,0.71,144.0,144.53,175.6,3.13,147.5,128.8,151.7,59.5,146.9,144.71,157.3,11.7
2023-04,127.8,120.95,129.3,15.5,124.8,119.32,133.4,18.6,159.2,157.59,182.3,0.5,151.5,122.18,148.2,3.05,135.3,133.24,172.3,0.34,126.0,135.4,118.1,5.44,138.5,121.7,127.1,8.46,145.3,131.3,144.1,6.57,139.5,127.15,147.4,102.44,130.0,139.5,132.8,71.87,146.7,132.58,169.5,3.06,171.5,192.95,207.6,2.19,135.4,99.2,158.0,42.69,131.7,118.3,137.2,46.69,180.5,162.6,166.7,1.2,178.1,159.34,170.4,3.34,138.5,138.71,118.3,0.73,127.0,137.03,149.9,0.09,131.0,141.98,137.6,31.08,175.7,157.5,179.8,37.36,130.3,134.22,145.1,7.29,186.3,151.99,190.4,2.25,116.0,153.13,135.0,0.55,143.2,142.86,164.3,2.63,148.0,129.25,148.5,49.6,148.1,147.69,158.4,9.73
2023-05,126.3,120.45,126.4,17.11,124.5,120.08,140.7,20.53,165.9,158.64,181.3,0.56,151.3,121.93,143.9,3.42,140.8,133.63,173.6,0.39,126.0,138.6,117.2,6.28,140.4,122.7,133.7,9.67,146.4,130.28,142.6,7.46,139.3,127.63,150.8,110.94,127.6,140.6,134.4,81.27,148.0,132.11,164.1,3.02,172.0,194.14,196.5,2.05,132.8,99.1,162.0,50.97,131.7,118.9,139.9,55.7,177.3,164.35,165.8,1.28,175.8,158.76,167.8,3.86,138.4,139.02,114.7,0.77,127.1,137.59,142.0,0.1,129.6,142.69,142.3,37.9,173.7,158.4,166.3,45.83,131.1,129.94,146.2,10.05,187.9,154.62,200.3,2.72,115.5,154.56,132.7,0.65,142.7,143.21,169.0,2.82,147.8,129.65,151.5,66.26,148.9,146.8,154.9,11.87
2023-06,126.1,121.82,126.0,16.07,123.9,120.97,149.8,20.81,168.6,160.72,177.8,0.56,147.7,123.47,141.4,3.45,145.1,135.04,169.2,0.33,126.1,135.9,113.4,5.77,140.4,124.7,132.0,11.03,146.5,129.96,141.6,6.89,139.0,127.89,150.4,113.19,126.1,142.3,131.5,79.22,147.9,132.17,159.0,2.78,168.8,194.52,193.7,2.0,129.4,98.4,175.5,49.25,131.7,119.1,135.8,51.96,171.6,160.47,164.1,1.34,170.3,161.34,160.8,3.67,137.6,139.34,118.3,0.83,127.7,138.36,146.4,0.09,128.2,143.16,141.5,36.3,170.3,157.7,167.0,44.4,130.6,129.99,144.8,8.98,190.6,157.02,190.0,2.36,116.1,154.9,132.9,0.62,142.4,141.84,161.3,2.35,147.1,130.1,153.8,60.43,149.3,147.64,163.6,11.05
2023-07,127.1,121.91,120.8,15.13,123.0,120.99,140.8,17.51,167.2,158.24,178.6,0.51,141.0,125.45,144.1,3.49,149.1,135.53,161.7,0.33,126.3,138.5,115.6,4.99,138.7,124.9,135.5,8.9,145.7,130.84,137.0,6.16,138.5,127.84,151.8,99.05,125.6,140.7,128.2,73.17,146.5,133.61,158.6,3.02,162.0,194.3,188.3,1.87,125.3,99.8,169.7,47.28,131.5,119.1,135.0,47.75,163.5,162.34,161.7,1.46,161.7,161.73,168.3,3.6,136.1,139.96,113.2,0.68,128.8,140.42,152.0,0.09,126.6,147.05,134.3,33.27,165.5,157.6,163.4,34.06,128.7,130.04,144.5,9.06,194.4,158.43,200.6,2.51,117.7,154.89,132.1,0.49,142.4,142.42,151.1,2.08,145.6,129.77,151.9,57.16,149.2,145.18,165.5,10.41
2023-08,126.6,121.38,125.1,15.8,121.5,122.75,141.5,19.75,162.3,158.43,168.4,0.45,134.9,125.49,137.4,3.66,147.5,137.02,167.7,0.36,125.4,138.5,113.6,5.8,135.7,124.4,135.2,10.75,144.1,129.8,135.7,7.63,137.0,128.16,150.6,108.92,124.2,141.9,128.1,80.49,144.5,133.87,157.0,3.06,155.0,195.4,188.8,1.9,121.4,98.5,154.1,53.54,130.5,119.6,135.6,54.6,155.7,160.8,158.0,1.46,153.9,163.06,156.0,3.3,133.6,140.1,116.1,0.74,128.0,140.12,144.7,0.08,123.7,142.73,133.3,36.65,160.7,157.2,161.9,44.31,126.1,130.93,147.1,9.11,193.2,160.28,181.7,2.63,118.0,155.27,131.1,0.53,141.2,145.6,153.3,2.12,143.1,130.27,149.7,61.5,147.3,147.49,157.3,13.13
2023-09,124.6,120.19,119.5,16.65,119.4,121.89,145.2,20.22,153.9,159.28,174.3,0.49,129.3,125.05,133.6,3.45,140.1,137.46,171.8,0.47,123.3,136.1,115.3,5.51,131.6,121.2,133.9,9.98,141.8,128.36,136.0,7.18,134.6,127.74,146.3,103.79,121.9,140.7,127.1,83.36,141.8,133.05,154.0,2.88,147.8,195.49,178.8,1.86,117.5,99.6,157.8,50.35,128.6,119.8,134.4,56.08,148.1,160.95,146.6,1.42,146.6,163.17,149.0,3.41,130.1,139.01,112.7,0.76,125.4,140.26,140.3,0.08,119.4,139.94,136.5,37.21,155.7,156.5,164.2,42.98,122.9,130.54,147.9,8.21,187.2,161.16,188.9,2.53,117.1,155.48,127.7,0.6,138.7,141.99,159.8,2.56,139.5,130.31,146.0,58.93,143.7,146.36,157.5,12.3
2023-10,,119.89,123.6,18.32,,121.69,140.0,22.16,,159.73,174.5,0.67,,125.08,132.6,3.56,,137.17,163.1,0.51,,138.9,115.7,6.55,,121.8,135.2,10.43,,128.42,132.4,7.71,,127.5,142.8,113.0,,140.1,129.1,89.48,,133.31,156.9,2.78,,195.47,190.6,1.81,,99.9,172.4,56.71,,120.1,132.1,59.62,,161.9,146.0,1.67,,164.44,144.0,4.08,,140.54,110.6,0.88,,140.3,145.7,0.11,,140.57,129.9,38.91,,156.8,166.3,45.93,,131.49,140.5,8.89,,161.87,194.8,3.27,,154.29,125.8,0.68,,144.61,159.9,3.34,,131.0,144.4,61.01,,144.11,159.8,12.92
2023-11,,121.98,126.1,19.92,,122.12,145.5,20.92,,160.21,174.1,0.71,,125.68,137.2,3.54,,137.98,159.2,0.5,,137.4,114.4,6.61,,121.0,130.5,11.25,,126.46,129.4,7.91,,128.16,139.6,112.21,,142.0,127.5,101.42,,133.58,158.2,2.61,,194.31,179.4,2.08,,100.1,174.6,57.09,,120.4,132.2,56.27,,162.31,147.8,1.64,,165.96,144.4,3.86,,140.7,114.2,0.94,,140.88,145.2,0.09,,139.14,132.1,39.6,,158.3,158.6,44.68,,131.39,138.9,8.06,,163.1,180.5,3.14,,154.42,124.9,0.69,,143.75,167.5,3.92,,131.57,149.2,59.61,,144.58,152.9,13.1
2023-12,,123.06,143.1,17.13,,122.08,149.3,20.97,,162.77,164.2,0.78,,126.93,137.5,3.45,,132.96,152.4,0.51,,136.8,123.8,5.84,,119.0,138.1,8.97,,126.6,131.3,6.61,,127.96,142.0,102.58,,141.2,127.2,83.54,,134.18,160.9,2.95,,193.72,172.4,1.8,,100.9,164.0,44.72,,120.6,139.7,55.23,,161.79,143.2,1.31,,165.96,146.5,3.24,,139.49,118.6,0.77,,141.26,148.0,0.09,,139.37,135.1,36.63,,158.3,157.5,37.76,,128.04,140.6,7.56,,163.34,179.0,2.55,,154.8,124.1,0.53,,142.42,167.4,3.16,,131.94,145.4,55.9,,147.17,156.1,10.51
2024-01,,122.45,,17.63,,122.64,,21.77,,162.76,,0.76,,126.75,,3.34,,134.35,,0.62,,134.2,,6.17,,122.9,,9.79,,127.16,,7.61,,127.85,,111.98,,142.9,,85.17,,134.56,,2.92,,194.19,,1.84,,99.8,,52.82,,121.0,,54.68,,159.64,,1.49,,164.98,,3.53,,141.63,,0.83,,141.93,,0.1,,137.47,,39.03,,159.4,,50.85,,134.96,,8.35,,164.5,,2.53,,154.36,,0.59,,144.7,,2.65,,132.41,,59.69,,147.25,,12.12
2024-02,,124.54,,16.13,,123.03,,19.3,,164.8,,0.66,,125.49,,3.1,,135.7,,0.53,,133.3,,5.7,,119.5,,9.05,,126.82,,7.05,,127.86,,105.15,,144.3,,83.7,,136.02,,2.6,,196.0,,1.64,,101.5,,51.55,,121.3,,51.42,,160.66,,1.3,,165.58,,3.8,,140.76,,0.77,,142.14,,0.09,,140.3,,36.12,,157.8,,52.96,,134.98,,7.56,,164.63,,2.71,,159.6,,0.61,,145.46,,2.4,,132.33,,55.83,,149.25,,11.67
2024-03,,,,,,123.82,,20.94,,,,,,124.65,,3.52,,,,,,133.2,,5.57,,122.0,,8.62,,127.46,,6.69,,128.35,,109.94,,,,,,,,,,196.83,,1.34,,100.6,,46.65,,121.5,,54.88,,161.92,,1.3,,162.48,,3.61,,141.77,,0.8,,142.23,,0.08,,,,,,,,,,135.44,,7.67,,165.21,,2.62,,155.65,,0.53,,,,,,,,,,147.67,,10.72
2024-04,,,,,,122.26,,21.37,,,,,,,,,,,,,,,,,,,,,,,,,,,,,,,,,,,,,,,,,,,,,,,,,,,,,,,,,,,,,,142.19,,0.1,,,,,,,,,,,,,,,,,,,,,,,,,,,,,,,,
