,geo,TIME_PERIOD,prod,commodity,consumer,import
0,Austria,2017-01,18.25,101.6,101.52,99.7
1,Austria,2017-02,17.23,101.7,99.75,99.3
2,Austria,2017-03,20.07,101.2,101.88,100.0
3,Austria,2017-04,17.4,100.2,100.32,94.2
4,Austria,2017-05,19.02,100.0,103.19,99.9
5,Austria,2017-06,17.29,100.7,101.99,99.4
6,Austria,2017-07,16.42,102.1,100.79,105.7
7,Austria,2017-08,17.92,103.5,101.92,105.0
8,Austria,2017-09,18.76,104.6,102.71,99.8
9,Austria,2017-10,21.18,105.6,100.09,96.8
10,Austria,2017-11,22.14,106.4,103.29,101.1
11,Austria,2017-12,20.43,106.9,103.59,107.7
12,Austria,2018-01,20.99,107.1,102.59,105.6
13,Austria,2018-02,17.45,106.7,101.75,101.4
14,Austria,2018-03,20.77,105.7,103.31,96.5
15,Austria,2018-04,19.46,104.1,101.51,96.3
16,Austria,2018-05,18.25,102.6,104.42,98.5
17,Austria,2018-06,17.86,101.4,104.27,94.9
18,Austria,2018-07,17.71,100.3,102.79,97.5
19,Austria,2018-08,19.31,99.8,104.22,98.6
20,Austria,2018-09,18.01,99.9,102.1,94.2
21,Austria,2018-10,21.98,100.5,104.79,94.1
22,Austria,2018-11,22.5,101.0,104.12,94.0
23,Austria,2018-12,19.17,101.5,104.41,100.4
24,Austria,2019-01,19.89,101.8,106.86,98.6
25,Austria,2019-02,17.79,101.5,104.95,96.6
26,Austria,2019-03,19.39,100.6,106.14,97.7
27,Austria,2019-04,19.57,99.1,103.51,97.5
28,Austria,2019-05,19.48,98.1,105.75,98.5
29,Austria,2019-06,15.52,97.4,103.34,101.2
30,Austria,2019-07,18.29,97.2,105.2,103.1
31,Austria,2019-08,17.23,97.3,106.39,96.1
32,Austria,2019-09,18.95,97.7,102.63,94.1
33,Austria,2019-10,21.98,98.4,104.22,98.4
34,Austria,2019-11,21.22,99.2,103.82,98.7
35,Austria,2019-12,20.29,100.0,103.17,108.8
36,Austria,2020-01,20.26,100.8,106.35,98.1
37,Austria,2020-02,17.39,99.9,106.64,98.5
38,Austria,2020-03,19.52,97.5,106.46,92.0
39,Austria,2020-04,16.18,93.5,106.02,83.1
40,Austria,2020-05,17.19,92.1,102.4,85.8
41,Austria,2020-06,18.26,93.1,104.64,89.8
42,Austria,2020-07,17.53,96.5,106.22,92.7
43,Austria,2020-08,16.01,98.7,107.31,92.6
44,Austria,2020-09,18.55,99.7,106.4,89.6
45,Austria,2020-10,19.79,99.3,107.34,93.6
46,Austria,2020-11,19.41,99.6,102.41,85.3
47,Austria,2020-12,18.28,100.5,105.52,85.1
48,Austria,2021-01,16.05,102.1,99.28,80.8
49,Austria,2021-02,16.01,103.3,105.66,82.0
50,Austria,2021-03,20.34,103.9,105.99,80.7
51,Austria,2021-04,17.97,104.1,105.14,82.1
52,Austria,2021-05,17.42,104.7,103.96,94.8
53,Austria,2021-06,16.53,105.9,103.66,99.4
54,Austria,2021-07,16.16,107.7,105.86,100.1
55,Austria,2021-08,16.9,109.7,105.73,103.5
56,Austria,2021-09,17.74,112.0,104.9,102.8
57,Austria,2021-10,18.65,114.6,105.45,108.3
58,Austria,2021-11,21.67,116.8,104.78,111.4
59,Austria,2021-12,18.31,118.7,105.6,111.3
60,Austria,2022-01,16.1,120.4,104.64,112.6
61,Austria,2022-02,16.28,122.7,107.99,112.5
62,Austria,2022-03,19.36,125.9,108.78,135.1
63,Austria,2022-04,18.69,129.9,117.25,135.8
64,Austria,2022-05,18.5,132.1,115.97,141.2
65,Austria,2022-06,15.76,132.5,117.61,134.1
66,Austria,2022-07,13.9,131.0,114.18,133.3
67,Austria,2022-08,17.66,130.4,116.59,129.0
68,Austria,2022-09,17.14,130.8,116.28,128.7
69,Austria,2022-10,17.92,132.1,115.18,133.1
70,Austria,2022-11,20.44,132.9,116.18,129.3
71,Austria,2022-12,18.37,133.4,118.84,132.1
72,Belgium,2017-01,23.27,93.6,100.4,97.9
73,Belgium,2017-02,21.21,93.8,101.14,96.3
74,Belgium,2017-03,25.41,93.8,100.58,99.0
75,Belgium,2017-04,21.79,93.8,101.22,97.2
76,Belgium,2017-05,25.07,93.9,101.14,95.4
77,Belgium,2017-06,23.84,94.1,101.21,90.9
78,Belgium,2017-07,20.59,94.4,100.89,100.7
79,Belgium,2017-08,23.0,95.1,101.15,98.1
80,Belgium,2017-09,23.77,96.2,101.23,100.1
81,Belgium,2017-10,24.59,97.8,99.52,101.7
82,Belgium,2017-11,24.47,98.9,101.66,97.8
83,Belgium,2017-12,24.53,99.6,100.05,102.4
84,Belgium,2018-01,23.91,99.7,100.09,103.2
85,Belgium,2018-02,21.42,99.6,100.73,102.4
86,Belgium,2018-03,24.15,99.3,100.43,103.8
87,Belgium,2018-04,23.09,98.6,100.81,103.3
88,Belgium,2018-05,23.89,97.5,100.36,106.4
89,Belgium,2018-06,22.21,96.0,101.69,101.3
90,Belgium,2018-07,20.66,93.9,99.78,105.0
91,Belgium,2018-08,23.29,92.9,101.58,96.5
92,Belgium,2018-09,21.73,92.9,101.26,100.7
93,Belgium,2018-10,25.29,93.9,100.72,99.4
94,Belgium,2018-11,24.43,94.6,100.24,102.3
95,Belgium,2018-12,23.26,94.9,100.55,103.8
96,Belgium,2019-01,22.67,94.9,100.22,101.7
97,Belgium,2019-02,20.09,95.0,100.77,99.6
98,Belgium,2019-03,21.83,95.4,99.63,98.5
99,Belgium,2019-04,23.0,96.1,99.97,100.3
100,Belgium,2019-05,23.38,96.2,101.71,99.5
101,Belgium,2019-06,20.7,96.0,101.9,97.7
102,Belgium,2019-07,20.34,95.2,101.42,95.2
103,Belgium,2019-08,21.78,96.0,102.33,97.1
104,Belgium,2019-09,22.58,98.4,99.66,96.2
105,Belgium,2019-10,23.58,102.6,100.51,101.1
106,Belgium,2019-11,21.37,105.5,101.7,95.7
107,Belgium,2019-12,22.44,107.1,101.17,102.3
108,Belgium,2020-01,21.99,107.5,101.45,104.1
109,Belgium,2020-02,19.16,106.8,101.73,100.2
110,Belgium,2020-03,21.26,105.2,102.0,101.4
111,Belgium,2020-04,20.58,102.7,103.94,93.2
112,Belgium,2020-05,19.97,101.3,103.04,98.9
113,Belgium,2020-06,21.7,101.1,103.51,101.5
114,Belgium,2020-07,21.09,101.9,102.75,101.2
115,Belgium,2020-08,20.65,102.1,104.87,100.6
116,Belgium,2020-09,21.35,101.7,103.33,100.0
117,Belgium,2020-10,22.53,100.6,103.47,99.2
118,Belgium,2020-11,21.19,100.0,103.03,97.0
119,Belgium,2020-12,23.05,99.8,103.38,96.8
120,Belgium,2021-01,19.4,100.0,103.16,95.8
121,Belgium,2021-02,18.7,100.7,101.99,95.0
122,Belgium,2021-03,21.88,101.7,102.35,97.1
123,Belgium,2021-04,20.57,103.1,103.0,96.3
124,Belgium,2021-05,20.75,104.9,103.47,102.9
125,Belgium,2021-06,20.47,107.1,104.59,103.6
126,Belgium,2021-07,19.75,109.8,103.53,104.2
127,Belgium,2021-08,20.37,111.8,105.06,104.5
128,Belgium,2021-09,20.57,113.1,105.44,113.2
129,Belgium,2021-10,21.08,113.7,104.6,107.6
130,Belgium,2021-11,21.62,114.4,104.35,111.9
131,Belgium,2021-12,21.98,115.2,105.1,120.4
132,Belgium,2022-01,19.83,116.0,105.97,116.9
133,Belgium,2022-02,18.2,117.2,106.03,128.5
134,Belgium,2022-03,20.81,118.9,107.18,125.2
135,Belgium,2022-04,20.17,121.0,108.4,142.0
136,Belgium,2022-05,20.66,122.0,108.94,141.4
137,Belgium,2022-06,19.53,121.7,111.6,134.0
138,Belgium,2022-07,16.86,120.2,111.56,136.7
139,Belgium,2022-08,20.09,119.7,113.88,125.9
140,Belgium,2022-09,20.76,120.2,114.4,132.4
141,Belgium,2022-10,19.98,121.7,113.85,130.9
142,Belgium,2022-11,20.13,122.9,115.14,128.9
143,Belgium,2022-12,21.12,123.8,116.22,139.9
144,Bulgaria,2017-01,0.53,84.2,98.01,98.2
145,Bulgaria,2017-02,0.64,85.3,98.19,96.3
146,Bulgaria,2017-03,0.6,86.8,98.08,99.7
147,Bulgaria,2017-04,0.47,88.7,97.81,108.3
148,Bulgaria,2017-05,0.61,88.8,98.89,96.7
149,Bulgaria,2017-06,0.55,87.1,98.77,107.0
150,Bulgaria,2017-07,0.47,83.7,98.99,108.6
151,Bulgaria,2017-08,0.48,83.5,98.11,112.5
152,Bulgaria,2017-09,0.54,86.5,101.53,107.5
153,Bulgaria,2017-10,0.95,93.1,100.78,111.6
154,Bulgaria,2017-11,0.9,94.7,101.01,105.8
155,Bulgaria,2017-12,0.69,91.2,101.84,106.6
156,Bulgaria,2018-01,0.75,83.0,99.69,117.7
157,Bulgaria,2018-02,0.56,80.5,100.58,115.9
158,Bulgaria,2018-03,0.64,83.0,100.95,112.0
159,Bulgaria,2018-04,0.5,91.2,101.07,118.1
160,Bulgaria,2018-05,0.54,95.3,102.29,122.7
161,Bulgaria,2018-06,0.46,94.6,101.85,119.9
162,Bulgaria,2018-07,0.43,89.4,103.16,122.9
163,Bulgaria,2018-08,0.48,87.4,103.69,117.3
164,Bulgaria,2018-09,0.68,88.4,104.28,113.7
165,Bulgaria,2018-10,0.77,92.4,105.94,115.2
166,Bulgaria,2018-11,0.71,93.6,104.33,116.8
167,Bulgaria,2018-12,0.7,91.8,105.33,119.2
168,Bulgaria,2019-01,0.48,87.2,104.41,123.8
169,Bulgaria,2019-02,0.43,88.1,104.9,112.2
170,Bulgaria,2019-03,0.46,94.6,104.52,120.3
171,Bulgaria,2019-04,0.37,108.1,103.07,112.8
172,Bulgaria,2019-05,0.46,114.2,104.97,118.7
173,Bulgaria,2019-06,0.32,111.7,105.82,122.5
174,Bulgaria,2019-07,0.35,101.0,107.17,126.7
175,Bulgaria,2019-08,0.42,96.3,109.18,118.6
176,Bulgaria,2019-09,0.53,96.6,108.89,113.9
177,Bulgaria,2019-10,0.6,102.1,109.57,119.2
178,Bulgaria,2019-11,0.55,105.7,109.27,111.8
179,Bulgaria,2019-12,0.52,107.2,109.53,113.5
180,Bulgaria,2020-01,0.55,106.5,111.68,121.4
181,Bulgaria,2020-02,0.48,108.5,110.98,115.1
182,Bulgaria,2020-03,0.52,113.4,110.49,116.6
183,Bulgaria,2020-04,0.44,121.5,112.38,112.2
184,Bulgaria,2020-05,0.44,124.0,109.21,111.3
185,Bulgaria,2020-06,0.41,120.5,111.56,116.0
186,Bulgaria,2020-07,0.41,111.4,113.14,121.2
187,Bulgaria,2020-08,0.39,107.4,111.85,115.4
188,Bulgaria,2020-09,0.62,107.7,114.57,110.0
189,Bulgaria,2020-10,0.63,112.5,113.77,111.8
190,Bulgaria,2020-11,0.72,113.9,114.22,115.6
191,Bulgaria,2020-12,0.63,111.8,111.69,109.7
192,Bulgaria,2021-01,0.52,106.4,113.8,115.6
193,Bulgaria,2021-02,0.46,106.0,112.45,116.0
194,Bulgaria,2021-03,0.51,110.8,114.88,112.7
195,Bulgaria,2021-04,0.44,121.5,113.94,115.4
196,Bulgaria,2021-05,0.43,126.7,115.07,115.7
197,Bulgaria,2021-06,0.41,125.8,115.37,123.6
198,Bulgaria,2021-07,0.45,118.8,113.27,127.4
199,Bulgaria,2021-08,0.5,113.4,113.48,128.6
200,Bulgaria,2021-09,0.83,109.2,111.87,124.6
201,Bulgaria,2021-10,0.8,106.2,115.74,131.0
202,Bulgaria,2021-11,0.95,105.3,114.72,139.2
203,Bulgaria,2021-12,0.81,106.4,115.6,144.6
204,Bulgaria,2022-01,0.71,109.6,117.19,142.4
205,Bulgaria,2022-02,0.68,116.4,119.9,152.0
206,Bulgaria,2022-03,0.66,127.4,124.99,156.6
207,Bulgaria,2022-04,0.48,144.0,128.93,166.1
208,Bulgaria,2022-05,0.51,153.1,131.37,184.6
209,Bulgaria,2022-06,0.42,153.5,132.64,196.3
210,Bulgaria,2022-07,0.41,145.1,134.31,183.2
211,Bulgaria,2022-08,0.36,140.7,136.54,179.8
212,Bulgaria,2022-09,0.74,139.8,140.79,183.5
213,Bulgaria,2022-10,0.69,142.4,143.63,183.7
214,Bulgaria,2022-11,0.73,143.5,147.68,176.8
215,Bulgaria,2022-12,0.65,143.1,152.3,169.3
216,Cyprus,2017-01,0.41,97.9,100.16,99.1
217,Cyprus,2017-02,0.33,103.4,100.55,108.7
218,Cyprus,2017-03,0.37,106.0,100.63,100.4
219,Cyprus,2017-04,0.35,105.9,100.41,112.9
220,Cyprus,2017-05,0.41,104.9,100.38,108.8
221,Cyprus,2017-06,0.39,102.8,102.06,113.1
222,Cyprus,2017-07,0.27,99.4,102.09,104.6
223,Cyprus,2017-08,1.14,95.8,101.49,104.7
224,Cyprus,2017-09,1.06,91.6,101.37,113.3
225,Cyprus,2017-10,1.23,86.0,101.57,109.7
226,Cyprus,2017-11,1.22,85.0,101.53,100.0
227,Cyprus,2017-12,1.13,88.5,101.64,103.9
228,Cyprus,2018-01,0.54,97.6,101.68,113.3
229,Cyprus,2018-02,0.41,103.4,101.72,106.5
230,Cyprus,2018-03,0.41,106.6,101.97,113.4
231,Cyprus,2018-04,0.42,107.6,101.95,106.9
232,Cyprus,2018-05,0.43,106.9,101.73,112.4
233,Cyprus,2018-06,0.41,104.6,103.93,103.8
234,Cyprus,2018-07,0.4,100.2,103.66,119.4
235,Cyprus,2018-08,0.4,96.3,104.02,113.1
236,Cyprus,2018-09,0.41,92.2,104.49,113.5
237,Cyprus,2018-10,0.51,87.0,103.89,103.2
238,Cyprus,2018-11,0.47,86.1,104.08,114.8
239,Cyprus,2018-12,0.47,89.3,103.97,105.3
240,Cyprus,2019-01,0.61,97.8,103.49,106.7
241,Cyprus,2019-02,0.48,103.3,104.37,112.5
242,Cyprus,2019-03,0.43,106.3,104.09,103.0
243,Cyprus,2019-04,0.43,107.4,102.54,101.1
244,Cyprus,2019-05,0.46,106.9,102.16,103.3
245,Cyprus,2019-06,0.37,104.6,101.21,106.6
246,Cyprus,2019-07,0.43,100.2,101.17,99.3
247,Cyprus,2019-08,0.39,96.3,101.1,108.1
248,Cyprus,2019-09,0.47,92.1,101.97,106.2
249,Cyprus,2019-10,0.53,86.8,101.79,108.6
250,Cyprus,2019-11,0.51,86.4,101.81,102.5
251,Cyprus,2019-12,0.51,90.6,102.52,115.0
252,Cyprus,2020-01,0.54,101.3,102.65,112.0
253,Cyprus,2020-02,0.43,108.6,102.94,108.4
254,Cyprus,2020-03,0.4,113.5,103.39,107.7
255,Cyprus,2020-04,0.32,116.6,104.57,106.4
256,Cyprus,2020-05,0.32,117.4,104.18,102.3
257,Cyprus,2020-06,0.34,116.1,104.25,101.5
258,Cyprus,2020-07,0.35,112.4,103.75,121.2
259,Cyprus,2020-08,0.31,108.5,103.92,100.4
260,Cyprus,2020-09,0.41,103.5,104.19,96.4
261,Cyprus,2020-10,0.42,96.8,104.22,103.3
262,Cyprus,2020-11,0.34,95.4,104.03,104.7
263,Cyprus,2020-12,0.47,98.9,104.22,107.6
264,Cyprus,2021-01,0.56,108.6,104.69,109.1
265,Cyprus,2021-02,0.49,114.8,104.52,102.5
266,Cyprus,2021-03,0.51,118.3,105.41,105.3
267,Cyprus,2021-04,0.4,119.3,104.58,116.8
268,Cyprus,2021-05,0.46,118.7,104.08,122.3
269,Cyprus,2021-06,0.44,116.2,104.35,112.5
270,Cyprus,2021-07,0.39,111.5,104.8,129.5
271,Cyprus,2021-08,0.42,107.3,105.1,121.0
272,Cyprus,2021-09,0.54,102.8,104.96,122.9
273,Cyprus,2021-10,0.58,97.2,104.95,126.4
274,Cyprus,2021-11,0.58,95.8,104.66,131.1
275,Cyprus,2021-12,0.53,98.2,105.41,133.1
276,Cyprus,2022-01,0.58,105.3,105.63,129.9
277,Cyprus,2022-02,0.52,109.3,105.76,138.5
278,Cyprus,2022-03,0.59,110.7,107.07,151.2
279,Cyprus,2022-04,0.45,109.8,112.32,146.1
280,Cyprus,2022-05,0.52,110.2,113.4,170.5
281,Cyprus,2022-06,0.44,111.9,114.38,171.4
282,Cyprus,2022-07,0.36,115.5,115.94,163.0
283,Cyprus,2022-08,0.35,118.3,117.6,159.7
284,Cyprus,2022-09,0.39,121.0,127.74,151.7
285,Cyprus,2022-10,0.43,124.0,130.61,153.9
286,Cyprus,2022-11,0.44,125.3,131.05,162.8
287,Cyprus,2022-12,0.43,125.0,132.96,157.7
288,Czechia,2017-01,5.72,98.6,103.6,97.1
289,Czechia,2017-02,5.31,98.9,103.3,98.5
290,Czechia,2017-03,6.08,99.5,105.4,95.3
291,Czechia,2017-04,5.27,100.2,106.2,97.9
292,Czechia,2017-05,5.92,100.9,106.9,91.9
293,Czechia,2017-06,5.33,101.5,107.5,95.2
294,Czechia,2017-07,4.91,102.0,107.2,94.5
295,Czechia,2017-08,5.6,102.3,107.4,94.9
296,Czechia,2017-09,5.39,102.6,107.7,93.2
297,Czechia,2017-10,6.14,102.7,107.7,100.2
298,Czechia,2017-11,6.19,102.6,107.2,102.2
299,Czechia,2017-12,5.85,102.5,106.0,102.2
300,Czechia,2018-01,6.17,102.2,107.8,99.9
301,Czechia,2018-02,5.32,102.2,106.1,104.8
302,Czechia,2018-03,5.92,102.4,106.3,102.3
303,Czechia,2018-04,5.74,102.9,107.2,104.6
304,Czechia,2018-05,6.01,103.1,106.9,99.8
305,Czechia,2018-06,5.36,103.0,108.4,99.0
306,Czechia,2018-07,5.45,102.7,108.8,100.9
307,Czechia,2018-08,5.88,101.9,109.0,94.0
308,Czechia,2018-09,5.9,100.8,108.6,97.4
309,Czechia,2018-10,7.06,99.3,109.0,100.6
310,Czechia,2018-11,7.05,98.4,108.2,100.1
311,Czechia,2018-12,5.72,98.2,107.7,98.3
312,Czechia,2019-01,6.49,98.6,107.1,96.1
313,Czechia,2019-02,5.76,98.9,105.3,99.2
314,Czechia,2019-03,6.2,99.2,106.7,91.6
315,Czechia,2019-04,6.18,99.5,106.7,98.0
316,Czechia,2019-05,6.38,99.7,108.1,93.9
317,Czechia,2019-06,5.22,99.9,108.8,90.5
318,Czechia,2019-07,5.75,99.9,109.5,89.3
319,Czechia,2019-08,5.74,99.5,110.0,90.3
320,Czechia,2019-09,5.94,98.7,109.2,88.9
321,Czechia,2019-10,6.71,97.5,111.0,93.5
322,Czechia,2019-11,6.64,96.8,111.5,92.4
323,Czechia,2019-12,5.88,96.7,112.1,97.5
324,Czechia,2020-01,6.74,97.1,112.9,93.5
325,Czechia,2020-02,5.72,96.8,112.6,91.5
326,Czechia,2020-03,5.93,95.9,113.1,93.2
327,Czechia,2020-04,5.4,94.3,111.4,93.7
328,Czechia,2020-05,5.73,93.5,112.3,94.5
329,Czechia,2020-06,6.12,93.5,112.5,94.7
330,Czechia,2020-07,5.97,94.3,110.5,92.3
331,Czechia,2020-08,5.59,94.6,111.6,89.2
332,Czechia,2020-09,5.97,94.6,111.3,89.6
333,Czechia,2020-10,6.31,94.2,110.2,91.6
334,Czechia,2020-11,6.41,93.9,110.8,92.2
335,Czechia,2020-12,6.63,93.7,112.0,95.5
336,Czechia,2021-01,5.93,93.6,115.0,95.2
337,Czechia,2021-02,5.74,94.0,111.8,90.4
338,Czechia,2021-03,6.17,94.7,111.5,97.3
339,Czechia,2021-04,6.04,95.8,110.8,95.0
340,Czechia,2021-05,6.02,96.9,110.4,90.7
341,Czechia,2021-06,5.94,98.0,107.5,92.3
342,Czechia,2021-07,5.37,99.1,108.6,96.2
343,Czechia,2021-08,5.79,100.3,109.3,96.7
344,Czechia,2021-09,6.06,101.5,110.7,97.3
345,Czechia,2021-10,6.26,102.9,112.4,104.4
346,Czechia,2021-11,6.93,104.1,110.1,105.9
347,Czechia,2021-12,6.31,105.0,111.4,103.4
348,Czechia,2022-01,5.78,105.7,113.5,105.2
349,Czechia,2022-02,5.4,108.5,115.4,106.6
350,Czechia,2022-03,6.25,113.6,115.1,123.1
351,Czechia,2022-04,5.44,121.4,126.5,122.0
352,Czechia,2022-05,5.8,126.5,127.2,122.0
353,Czechia,2022-06,5.58,128.6,129.1,103.1
354,Czechia,2022-07,4.8,127.6,132.8,123.9
355,Czechia,2022-08,5.5,126.9,133.9,119.9
356,Czechia,2022-09,5.85,126.5,135.9,115.7
357,Czechia,2022-10,5.79,126.5,138.1,117.2
358,Czechia,2022-11,6.49,126.5,140.2,118.1
359,Czechia,2022-12,5.9,126.5,138.8,118.5
360,Germany,2017-01,90.0,98.1,101.9,99.2
361,Germany,2017-02,89.0,98.5,101.5,94.4
362,Germany,2017-03,105.0,98.3,101.1,97.7
363,Germany,2017-04,82.0,97.4,100.2,96.4
364,Germany,2017-05,93.0,97.3,100.5,98.5
365,Germany,2017-06,87.0,98.0,101.3,101.4
366,Germany,2017-07,81.0,99.5,101.4,95.7
367,Germany,2017-08,90.0,101.1,101.6,98.8
368,Germany,2017-09,96.0,102.7,102.5,97.1
369,Germany,2017-10,101.0,104.4,102.4,96.8
370,Germany,2017-11,118.0,105.4,103.0,98.4
371,Germany,2017-12,92.0,105.8,102.9,101.4
372,Germany,2018-01,99.0,105.6,103.5,99.0
373,Germany,2018-02,82.0,105.2,103.8,95.6
374,Germany,2018-03,102.0,104.5,103.8,98.2
375,Germany,2018-04,87.0,103.7,104.6,96.8
376,Germany,2018-05,84.0,102.4,104.2,99.2
377,Germany,2018-06,85.0,100.8,104.4,96.6
378,Germany,2018-07,88.0,98.6,105.1,98.7
379,Germany,2018-08,86.0,97.6,105.1,97.1
380,Germany,2018-09,93.0,97.5,105.0,91.9
381,Germany,2018-10,104.0,98.4,104.4,93.6
382,Germany,2018-11,110.0,98.8,105.3,96.8
383,Germany,2018-12,82.0,98.6,104.7,99.5
384,Germany,2019-01,101.0,98.0,105.7,94.4
385,Germany,2019-02,88.0,97.2,106.0,94.6
386,Germany,2019-03,92.0,96.3,106.0,92.9
387,Germany,2019-04,88.0,95.3,106.1,99.3
388,Germany,2019-05,91.0,94.4,106.0,103.1
389,Germany,2019-06,71.0,93.6,107.1,101.6
390,Germany,2019-07,90.0,92.9,107.7,97.2
391,Germany,2019-08,89.0,92.8,108.0,98.5
392,Germany,2019-09,93.0,93.3,107.1,95.4
393,Germany,2019-10,103.0,94.3,107.6,98.5
394,Germany,2019-11,111.0,95.2,107.8,92.7
395,Germany,2019-12,89.0,96.1,107.0,100.5
396,Germany,2020-01,100.0,96.9,108.1,93.7
397,Germany,2020-02,85.0,96.0,107.3,95.3
398,Germany,2020-03,96.0,93.6,108.9,97.3
399,Germany,2020-04,81.0,89.6,108.8,96.6
400,Germany,2020-05,76.0,88.0,110.3,94.6
401,Germany,2020-06,88.0,88.5,111.5,89.4
402,Germany,2020-07,88.0,91.1,109.9,95.9
403,Germany,2020-08,85.0,92.6,108.3,97.5
404,Germany,2020-09,94.0,92.9,108.3,96.8
405,Germany,2020-10,103.0,91.9,109.2,92.0
406,Germany,2020-11,98.0,92.2,107.7,90.3
407,Germany,2020-12,96.0,94.0,107.1,96.7
408,Germany,2021-01,84.14,97.1,109.9,86.3
409,Germany,2021-02,86.1,99.5,110.2,92.0
410,Germany,2021-03,102.47,101.0,109.1,93.4
411,Germany,2021-04,85.75,101.6,111.7,97.6
412,Germany,2021-05,79.91,102.7,111.6,95.6
413,Germany,2021-06,85.31,104.1,110.6,100.4
414,Germany,2021-07,83.01,106.1,111.8,105.9
415,Germany,2021-08,86.04,108.4,111.9,106.1
416,Germany,2021-09,89.91,111.0,112.9,106.4
417,Germany,2021-10,91.43,114.1,114.3,109.2
418,Germany,2021-11,106.71,118.3,115.7,114.9
419,Germany,2021-12,91.27,123.8,116.7,117.0
420,Germany,2022-01,77.6,130.8,118.7,112.1
421,Germany,2022-02,77.13,136.3,120.1,116.5
422,Germany,2022-03,89.33,140.3,123.9,123.7
423,Germany,2022-04,77.72,142.6,132.5,133.7
424,Germany,2022-05,81.74,142.8,136.3,136.9
425,Germany,2022-06,73.48,140.9,136.9,134.8
426,Germany,2022-07,72.09,137.0,137.6,133.4
427,Germany,2022-08,80.83,134.8,136.2,131.2
428,Germany,2022-09,87.23,134.2,139.2,130.4
429,Germany,2022-10,83.87,135.2,140.0,128.9
430,Germany,2022-11,102.03,136.0,139.8,126.3
431,Germany,2022-12,84.42,136.5,138.9,124.0
432,Denmark,2017-01,10.0,92.8,100.4,95.2
433,Denmark,2017-02,9.0,93.5,101.2,94.0
434,Denmark,2017-03,11.0,93.9,101.0,98.0
435,Denmark,2017-04,9.0,94.1,101.6,99.0
436,Denmark,2017-05,11.0,94.9,101.1,105.3
437,Denmark,2017-06,11.0,96.4,102.4,104.0
438,Denmark,2017-07,8.0,98.8,102.9,106.2
439,Denmark,2017-08,11.0,100.3,103.9,100.6
440,Denmark,2017-09,11.0,101.1,103.0,100.7
441,Denmark,2017-10,12.0,101.1,102.2,102.4
442,Denmark,2017-11,12.0,101.4,102.2,106.7
443,Denmark,2017-12,9.0,102.1,102.5,109.1
444,Denmark,2018-01,11.1,103.1,101.1,103.3
445,Denmark,2018-02,9.2,103.6,101.0,100.7
446,Denmark,2018-03,10.2,103.4,101.4,102.4
447,Denmark,2018-04,10.4,102.6,102.2,104.1
448,Denmark,2018-05,11.2,101.4,101.3,106.7
449,Denmark,2018-06,11.2,99.7,100.2,104.8
450,Denmark,2018-07,9.0,97.5,101.1,109.8
451,Denmark,2018-08,12.8,95.9,102.9,103.9
452,Denmark,2018-09,10.8,94.9,102.7,101.5
453,Denmark,2018-10,12.3,94.5,102.2,103.7
454,Denmark,2018-11,12.2,93.8,100.8,97.1
455,Denmark,2018-12,8.8,93.0,102.9,103.3
456,Denmark,2019-01,11.7,91.9,102.9,99.1
457,Denmark,2019-02,9.5,91.2,102.9,95.5
458,Denmark,2019-03,9.8,90.7,101.5,95.8
459,Denmark,2019-04,10.0,90.6,103.0,101.3
460,Denmark,2019-05,10.7,90.7,101.3,103.2
461,Denmark,2019-06,9.9,90.9,103.2,103.0
462,Denmark,2019-07,8.9,91.3,101.7,106.0
463,Denmark,2019-08,11.0,91.6,103.2,99.7
464,Denmark,2019-09,10.8,91.8,101.7,97.3
465,Denmark,2019-10,12.2,91.7,101.0,101.0
466,Denmark,2019-11,11.1,92.1,100.8,99.5
467,Denmark,2019-12,9.0,92.9,100.1,103.9
468,Denmark,2020-01,10.6,94.0,101.8,97.2
469,Denmark,2020-02,8.9,93.9,101.0,99.0
470,Denmark,2020-03,10.0,92.4,103.3,97.6
471,Denmark,2020-04,8.4,89.7,101.9,94.0
472,Denmark,2020-05,8.5,88.6,102.6,96.7
473,Denmark,2020-06,11.0,89.0,101.2,100.7
474,Denmark,2020-07,9.1,90.9,102.0,103.0
475,Denmark,2020-08,10.8,92.0,100.5,101.1
476,Denmark,2020-09,11.4,92.3,99.8,98.5
477,Denmark,2020-10,11.4,91.7,101.1,99.2
478,Denmark,2020-11,10.9,90.8,101.4,96.3
479,Denmark,2020-12,10.2,89.4,101.1,103.8
480,Denmark,2021-01,9.8,87.7,101.2,97.2
481,Denmark,2021-02,8.7,87.1,101.3,95.7
482,Denmark,2021-03,11.0,87.6,100.3,101.6
483,Denmark,2021-04,9.0,89.2,103.0,104.2
484,Denmark,2021-05,9.5,91.9,103.3,106.3
485,Denmark,2021-06,11.0,95.7,102.6,111.0
486,Denmark,2021-07,8.1,101.0,104.0,112.4
487,Denmark,2021-08,11.0,105.8,103.7,108.0
488,Denmark,2021-09,11.4,110.2,102.7,114.5
489,Denmark,2021-10,10.5,114.1,103.7,114.1
490,Denmark,2021-11,11.8,117.0,104.7,118.5
491,Denmark,2021-12,10.4,118.9,106.8,118.3
492,Denmark,2022-01,9.77,119.8,107.3,117.0
493,Denmark,2022-02,8.42,122.7,111.6,122.6
494,Denmark,2022-03,10.41,128.0,115.3,130.4
495,Denmark,2022-04,8.77,136.0,122.2,143.5
496,Denmark,2022-05,9.46,144.4,126.4,139.8
497,Denmark,2022-06,10.63,153.5,130.9,140.3
498,Denmark,2022-07,8.0,163.5,133.8,143.0
499,Denmark,2022-08,11.34,167.9,133.1,136.7
500,Denmark,2022-09,10.77,166.2,131.9,128.3
501,Denmark,2022-10,10.4,158.6,129.4,133.1
502,Denmark,2022-11,11.54,151.4,124.0,130.2
503,Denmark,2022-12,9.49,144.5,122.4,135.2
504,Greece,2017-01,3.3,99.3,100.86,106.6
505,Greece,2017-02,3.31,98.8,101.03,107.4
506,Greece,2017-03,3.25,99.2,101.42,106.5
507,Greece,2017-04,3.48,100.4,101.3,105.8
508,Greece,2017-05,5.4,101.1,99.0,104.6
509,Greece,2017-06,3.66,101.5,98.58,104.0
510,Greece,2017-07,3.79,101.3,98.35,102.4
511,Greece,2017-08,3.71,101.2,98.95,101.0
512,Greece,2017-09,3.66,101.2,99.38,105.5
513,Greece,2017-10,3.5,101.3,100.2,109.4
514,Greece,2017-11,3.32,101.2,100.1,110.4
515,Greece,2017-12,3.74,100.9,99.9,112.9
516,Greece,2018-01,3.19,100.3,101.2,112.2
517,Greece,2018-02,3.2,100.2,100.92,112.3
518,Greece,2018-03,3.17,100.4,101.21,112.0
519,Greece,2018-04,3.32,101.1,100.57,113.7
520,Greece,2018-05,3.52,101.5,101.23,108.6
521,Greece,2018-06,3.48,101.6,99.83,108.1
522,Greece,2018-07,3.65,101.5,101.15,107.9
523,Greece,2018-08,3.67,101.4,101.1,106.9
524,Greece,2018-09,3.57,101.4,100.31,106.9
525,Greece,2018-10,3.4,101.3,100.77,109.5
526,Greece,2018-11,2.6,101.2,100.68,108.5
527,Greece,2018-12,2.88,100.9,100.78,109.3
528,Greece,2019-01,2.69,100.5,101.33,113.9
529,Greece,2019-02,2.52,100.2,102.21,113.9
530,Greece,2019-03,2.66,99.8,102.16,112.7
531,Greece,2019-04,2.67,99.5,101.9,112.8
532,Greece,2019-05,2.73,99.4,102.15,112.4
533,Greece,2019-06,2.84,99.5,100.29,111.1
534,Greece,2019-07,3.01,99.9,101.2,111.3
535,Greece,2019-08,2.96,100.2,101.54,110.7
536,Greece,2019-09,2.95,100.3,102.05,109.5
537,Greece,2019-10,2.84,100.2,102.09,111.6
538,Greece,2019-11,2.67,100.2,102.51,111.0
539,Greece,2019-12,2.92,100.4,102.62,113.7
540,Greece,2020-01,2.74,100.6,102.8,118.1
541,Greece,2020-02,2.67,100.7,102.88,112.2
542,Greece,2020-03,2.75,100.9,102.72,115.5
543,Greece,2020-04,3.56,101.0,102.73,116.2
544,Greece,2020-05,2.86,101.1,102.45,110.4
545,Greece,2020-06,2.96,101.4,103.51,111.6
546,Greece,2020-07,3.08,101.6,103.18,109.2
547,Greece,2020-08,3.05,101.9,103.17,106.7
548,Greece,2020-09,2.94,102.0,102.67,107.8
549,Greece,2020-10,2.76,102.1,102.76,111.6
550,Greece,2020-11,2.62,102.1,102.63,109.4
551,Greece,2020-12,2.72,102.1,102.24,112.2
552,Greece,2021-01,2.95,102.0,103.74,116.5
553,Greece,2021-02,2.54,101.9,103.21,117.0
554,Greece,2021-03,2.65,101.8,103.13,103.4
555,Greece,2021-04,2.38,101.7,102.61,117.6
556,Greece,2021-05,2.79,101.4,102.64,119.2
557,Greece,2021-06,2.74,100.8,102.51,118.0
558,Greece,2021-07,2.89,100.1,102.72,119.9
559,Greece,2021-08,2.98,100.8,102.16,119.3
560,Greece,2021-09,2.89,102.9,103.06,121.6
561,Greece,2021-10,2.65,106.5,103.43,128.7
562,Greece,2021-11,2.7,109.0,104.15,135.7
563,Greece,2021-12,2.87,110.6,106.58,138.9
564,Greece,2022-01,3.56,111.0,106.25,140.1
565,Greece,2022-02,2.67,112.5,107.52,148.8
566,Greece,2022-03,2.7,115.3,108.18,153.0
567,Greece,2022-04,2.61,119.3,115.12,160.7
568,Greece,2022-05,2.92,121.9,116.07,163.8
569,Greece,2022-06,2.91,123.0,116.83,158.9
570,Greece,2022-07,3.09,122.5,118.75,164.2
571,Greece,2022-08,2.61,124.9,120.53,159.1
572,Greece,2022-09,3.22,130.2,121.14,156.9
573,Greece,2022-10,3.05,139.0,122.14,162.2
574,Greece,2022-11,2.96,144.4,123.81,161.5
575,Greece,2022-12,3.24,146.0,126.51,165.0
576,Spain,2017-01,50.71,105.3,100.65,107.7
577,Spain,2017-02,48.3,105.4,100.44,106.3
578,Spain,2017-03,54.16,105.3,100.96,110.7
579,Spain,2017-04,46.55,105.1,100.5,111.7
580,Spain,2017-05,59.12,105.1,100.61,112.1
581,Spain,2017-06,57.6,105.1,100.48,115.7
582,Spain,2017-07,54.68,105.4,100.59,114.4
583,Spain,2017-08,56.05,105.6,100.19,116.2
584,Spain,2017-09,53.6,105.9,100.68,116.8
585,Spain,2017-10,55.29,106.1,101.23,113.6
586,Spain,2017-11,54.22,106.7,101.24,115.2
587,Spain,2017-12,53.58,107.6,101.8,111.1
588,Spain,2018-01,53.12,108.8,102.05,109.1
589,Spain,2018-02,48.63,108.8,101.99,113.3
590,Spain,2018-03,51.26,107.7,102.61,113.0
591,Spain,2018-04,52.64,105.5,102.26,115.2
592,Spain,2018-05,60.09,104.0,102.61,114.6
593,Spain,2018-06,56.63,103.1,102.5,113.4
594,Spain,2018-07,57.98,102.9,102.6,119.3
595,Spain,2018-08,57.82,102.6,101.99,115.0
596,Spain,2018-09,54.5,102.3,102.55,112.3
597,Spain,2018-10,62.09,101.8,102.68,112.1
598,Spain,2018-11,58.73,101.7,103.22,108.1
599,Spain,2018-12,55.52,102.0,103.48,114.2
600,Spain,2019-01,56.26,102.6,103.26,109.4
601,Spain,2019-02,50.68,102.7,103.2,107.6
602,Spain,2019-03,53.67,102.4,103.38,110.4
603,Spain,2019-04,55.38,101.6,103.38,112.4
604,Spain,2019-05,63.51,101.1,103.5,112.0
605,Spain,2019-06,55.62,101.0,103.13,117.6
606,Spain,2019-07,62.18,101.2,103.18,116.4
607,Spain,2019-08,59.13,101.3,103.07,117.6
608,Spain,2019-09,58.96,101.2,103.53,114.3
609,Spain,2019-10,63.01,101.0,103.64,114.5
610,Spain,2019-11,59.05,101.3,103.77,113.3
611,Spain,2019-12,57.74,102.1,104.22,120.0
612,Spain,2020-01,57.89,103.4,104.04,111.9
613,Spain,2020-02,51.6,103.4,104.14,110.8
614,Spain,2020-03,54.63,102.0,104.57,111.4
615,Spain,2020-04,49.29,99.4,104.99,98.9
616,Spain,2020-05,51.71,97.5,105.0,99.7
617,Spain,2020-06,57.67,96.3,104.82,106.0
618,Spain,2020-07,61.27,95.8,104.94,111.5
619,Spain,2020-08,57.85,95.4,104.78,114.3
620,Spain,2020-09,60.14,95.3,105.01,108.5
621,Spain,2020-10,59.54,95.4,105.1,102.6
622,Spain,2020-11,56.31,95.9,105.39,100.0
623,Spain,2020-12,59.85,96.8,105.58,105.4
624,Spain,2021-01,51.78,98.2,105.8,98.0
625,Spain,2021-02,51.57,99.5,105.84,99.8
626,Spain,2021-03,59.22,100.8,105.67,104.7
627,Spain,2021-04,56.51,102.1,105.9,102.5
628,Spain,2021-05,60.74,102.6,105.77,110.2
629,Spain,2021-06,62.68,102.2,105.9,120.8
630,Spain,2021-07,62.26,100.9,105.87,122.8
631,Spain,2021-08,62.91,101.5,105.88,131.2
632,Spain,2021-09,63.47,103.8,106.25,133.4
633,Spain,2021-10,60.28,108.1,107.42,137.5
634,Spain,2021-11,63.84,112.1,109.9,145.5
635,Spain,2021-12,62.63,115.6,111.96,133.8
636,Spain,2022-01,56.19,118.8,112.12,130.0
637,Spain,2022-02,56.18,122.5,112.64,136.5
638,Spain,2022-03,62.19,126.8,113.92,152.8
639,Spain,2022-04,59.36,131.8,117.98,161.8
640,Spain,2022-05,67.18,135.1,118.82,162.7
641,Spain,2022-06,65.24,136.5,119.83,166.1
642,Spain,2022-07,62.16,136.0,121.2,169.3
643,Spain,2022-08,65.68,136.4,121.95,169.8
644,Spain,2022-09,64.41,137.9,121.82,163.1
645,Spain,2022-10,59.37,140.4,123.4,158.0
646,Spain,2022-11,58.45,142.6,124.44,156.1
647,Spain,2022-12,55.13,144.3,126.78,151.1
648,Finland,2017-01,7.28,99.4,98.58,90.2
649,Finland,2017-02,6.5,100.3,98.7,95.5
650,Finland,2017-03,7.44,101.1,98.46,95.4
651,Finland,2017-04,6.18,101.7,98.93,96.5
652,Finland,2017-05,6.85,102.2,99.07,97.5
653,Finland,2017-06,6.65,102.7,99.98,100.7
654,Finland,2017-07,6.14,103.1,99.66,100.4
655,Finland,2017-08,7.72,103.5,99.69,103.6
656,Finland,2017-09,7.52,104.0,100.14,96.0
657,Finland,2017-10,8.22,104.5,100.78,100.2
658,Finland,2017-11,8.24,105.1,100.23,101.7
659,Finland,2017-12,6.67,105.7,100.45,99.2
660,Finland,2018-01,7.59,106.4,101.28,98.0
661,Finland,2018-02,6.56,106.9,102.0,96.9
662,Finland,2018-03,7.01,107.4,102.54,101.0
663,Finland,2018-04,6.61,107.7,102.65,100.1
664,Finland,2018-05,7.15,107.8,102.07,97.3
665,Finland,2018-06,6.31,107.8,101.9,104.6
666,Finland,2018-07,6.65,107.5,102.85,100.9
667,Finland,2018-08,8.03,107.5,102.52,100.1
668,Finland,2018-09,7.51,107.5,101.8,98.8
669,Finland,2018-10,8.5,107.7,101.63,100.7
670,Finland,2018-11,8.15,108.0,101.37,102.7
671,Finland,2018-12,6.41,108.6,101.25,101.3
672,Finland,2019-01,8.25,109.2,102.53,99.1
673,Finland,2019-02,6.82,109.6,104.57,95.3
674,Finland,2019-03,7.3,109.8,104.69,96.5
675,Finland,2019-04,6.77,109.6,103.83,103.1
676,Finland,2019-05,6.82,109.6,105.01,101.7
677,Finland,2019-06,6.5,109.7,106.16,102.4
678,Finland,2019-07,6.88,110.0,106.77,99.4
679,Finland,2019-08,7.36,109.8,106.22,101.7
680,Finland,2019-09,7.9,109.2,107.43,98.2
681,Finland,2019-10,8.71,108.2,106.92,98.2
682,Finland,2019-11,7.2,107.6,107.07,96.2
683,Finland,2019-12,6.67,107.6,107.4,96.9
684,Finland,2020-01,7.78,108.1,107.12,99.1
685,Finland,2020-02,6.68,108.6,108.75,100.2
686,Finland,2020-03,7.69,109.1,109.67,98.3
687,Finland,2020-04,7.09,109.6,106.6,109.0
688,Finland,2020-05,5.85,109.9,105.84,105.8
689,Finland,2020-06,6.48,109.9,107.76,107.6
690,Finland,2020-07,7.22,109.7,110.01,107.0
691,Finland,2020-08,6.98,109.3,108.2,100.4
692,Finland,2020-09,7.93,108.6,108.69,99.4
693,Finland,2020-10,7.93,107.7,109.83,98.5
694,Finland,2020-11,7.46,107.5,107.84,100.2
695,Finland,2020-12,7.42,107.9,107.21,98.7
696,Finland,2021-01,6.67,108.9,107.3,102.7
697,Finland,2021-02,6.66,109.5,107.66,101.3
698,Finland,2021-03,7.34,109.8,107.86,98.5
699,Finland,2021-04,6.72,109.7,106.91,106.8
700,Finland,2021-05,6.44,109.6,108.73,110.6
701,Finland,2021-06,6.37,109.6,108.91,102.3
702,Finland,2021-07,6.48,109.7,109.32,111.5
703,Finland,2021-08,7.63,110.1,109.97,107.6
704,Finland,2021-09,7.67,110.9,111.25,107.2
705,Finland,2021-10,7.7,112.0,111.36,112.6
706,Finland,2021-11,8.24,112.8,110.86,109.3
707,Finland,2021-12,7.75,113.2,110.86,112.5
708,Finland,2022-01,6.77,113.2,113.27,117.5
709,Finland,2022-02,6.69,115.2,114.52,121.4
710,Finland,2022-03,7.59,119.1,114.83,128.9
711,Finland,2022-04,5.87,125.4,116.6,141.9
712,Finland,2022-05,6.46,130.6,126.36,145.3
713,Finland,2022-06,6.79,134.6,132.03,146.5
714,Finland,2022-07,6.15,137.3,132.45,149.2
715,Finland,2022-08,7.98,139.4,132.19,139.9
716,Finland,2022-09,7.0,140.8,138.56,138.6
717,Finland,2022-10,7.32,141.6,137.6,146.1
718,Finland,2022-11,8.22,141.9,133.51,138.3
719,Finland,2022-12,7.14,142.0,131.91,139.5
720,France,2017-01,120.8,96.2,101.51,95.0
721,France,2017-02,108.34,97.4,101.47,95.5
722,France,2017-03,128.57,98.5,101.6,97.8
723,France,2017-04,112.46,99.4,101.75,98.2
724,France,2017-05,127.12,99.8,101.71,103.4
725,France,2017-06,119.83,99.7,102.12,102.7
726,France,2017-07,107.9,99.0,102.2,103.5
727,France,2017-08,124.03,98.8,102.74,104.9
728,France,2017-09,120.81,98.8,102.15,103.8
729,France,2017-10,127.32,99.2,102.06,100.3
730,France,2017-11,127.37,99.3,102.54,103.8
731,France,2017-12,117.62,99.1,102.71,105.0
732,France,2018-01,126.38,98.6,103.18,102.2
733,France,2018-02,111.53,98.4,103.14,101.2
734,France,2018-03,128.06,98.3,102.98,104.7
735,France,2018-04,119.41,98.6,103.03,106.0
736,France,2018-05,125.56,98.9,103.44,106.1
737,France,2018-06,117.64,99.2,103.29,106.0
738,France,2018-07,117.31,99.7,103.45,107.1
739,France,2018-08,122.86,99.6,104.09,105.8
740,France,2018-09,114.89,98.9,103.74,102.9
741,France,2018-10,134.31,97.6,103.57,101.7
742,France,2018-11,125.44,97.0,103.96,101.5
743,France,2018-12,116.61,97.1,104.07,104.7
744,France,2019-01,126.13,98.0,103.83,101.1
745,France,2019-02,107.16,98.5,104.48,96.0
746,France,2019-03,117.48,98.7,104.28,100.1
747,France,2019-04,126.07,98.6,104.18,108.9
748,France,2019-05,122.09,98.3,104.85,108.9
749,France,2019-06,109.57,97.9,104.93,106.7
750,France,2019-07,117.68,97.3,105.03,107.8
751,France,2019-08,116.27,96.8,105.82,106.7
752,France,2019-09,119.56,96.4,105.19,105.5
753,France,2019-10,130.32,96.0,105.21,105.0
754,France,2019-11,116.26,95.9,105.52,104.0
755,France,2019-12,119.88,96.1,105.57,109.2
756,France,2020-01,122.42,96.7,105.7,105.1
757,France,2020-02,108.38,96.7,105.72,104.9
758,France,2020-03,119.04,96.3,105.98,104.4
759,France,2020-04,119.94,95.3,106.94,98.9
760,France,2020-05,111.04,94.9,107.77,100.6
761,France,2020-06,126.53,95.2,107.34,111.1
762,France,2020-07,120.85,96.1,106.19,116.0
763,France,2020-08,115.5,96.7,106.7,110.9
764,France,2020-09,122.77,97.0,106.76,108.6
765,France,2020-10,123.63,97.0,106.79,102.0
766,France,2020-11,117.28,97.1,107.42,101.1
767,France,2020-12,127.21,97.4,107.62,105.9
768,France,2021-01,113.56,97.7,107.29,100.3
769,France,2021-02,109.5,98.1,107.54,104.3
770,France,2021-03,131.87,98.8,107.57,106.5
771,France,2021-04,119.8,99.7,107.9,105.3
772,France,2021-05,116.77,100.5,107.94,111.7
773,France,2021-06,121.56,101.4,108.72,121.1
774,France,2021-07,113.07,102.2,108.71,124.8
775,France,2021-08,117.87,103.4,109.29,120.0
776,France,2021-09,120.45,104.9,109.06,122.1
777,France,2021-10,115.74,106.8,108.86,122.7
778,France,2021-11,123.13,109.0,109.21,127.8
779,France,2021-12,121.01,111.5,109.57,127.3
780,France,2022-01,109.0,114.4,110.55,125.8
781,France,2022-02,102.69,118.2,111.35,132.7
782,France,2022-03,126.51,123.3,112.71,143.9
783,France,2022-04,112.49,129.7,114.91,151.0
784,France,2022-05,116.94,133.9,117.15,149.5
785,France,2022-06,114.71,136.0,118.84,155.5
786,France,2022-07,103.38,135.6,119.78,151.1
787,France,2022-08,117.49,135.8,121.25,153.4
788,France,2022-09,116.96,136.6,121.48,150.2
789,France,2022-10,111.88,137.9,122.4,143.4
790,France,2022-11,116.3,138.9,123.47,145.9
791,France,2022-12,112.97,139.3,123.95,150.8
792,Croatia,2017-01,3.13,99.6,100.25,101.1
793,Croatia,2017-02,3.02,100.3,100.5,101.9
794,Croatia,2017-03,3.36,101.3,100.12,101.5
795,Croatia,2017-04,3.19,102.7,100.14,98.2
796,Croatia,2017-05,3.6,102.3,100.72,97.5
797,Croatia,2017-06,3.6,99.9,101.7,95.0
798,Croatia,2017-07,3.88,95.7,101.78,96.7
799,Croatia,2017-08,3.82,93.9,102.06,96.6
800,Croatia,2017-09,3.9,94.2,101.48,94.7
801,Croatia,2017-10,3.7,96.7,101.67,99.3
802,Croatia,2017-11,3.7,98.6,101.57,101.3
803,Croatia,2017-12,3.3,100.0,100.43,103.2
804,Croatia,2018-01,3.4,100.8,100.94,104.7
805,Croatia,2018-02,2.91,101.5,100.72,107.3
806,Croatia,2018-03,3.81,102.2,100.95,111.5
807,Croatia,2018-04,3.54,102.8,101.45,107.8
808,Croatia,2018-05,3.75,101.8,100.12,104.2
809,Croatia,2018-06,3.75,99.2,101.87,101.7
810,Croatia,2018-07,3.77,95.0,100.97,97.7
811,Croatia,2018-08,3.8,93.3,101.07,94.4
812,Croatia,2018-09,3.56,94.0,100.18,94.6
813,Croatia,2018-10,4.0,97.1,99.75,99.2
814,Croatia,2018-11,3.79,99.3,101.1,99.4
815,Croatia,2018-12,3.7,100.7,100.64,99.3
816,Croatia,2019-01,3.41,101.2,96.33,99.6
817,Croatia,2019-02,3.27,102.3,95.69,99.2
818,Croatia,2019-03,3.56,104.0,96.53,97.9
819,Croatia,2019-04,3.85,106.4,95.81,101.7
820,Croatia,2019-05,3.87,106.2,96.4,97.3
821,Croatia,2019-06,3.33,103.3,96.91,98.3
822,Croatia,2019-07,4.05,98.0,97.63,95.5
823,Croatia,2019-08,3.98,95.3,97.55,98.1
824,Croatia,2019-09,3.92,94.8,97.61,98.2
825,Croatia,2019-10,4.05,96.6,96.69,97.6
826,Croatia,2019-11,3.96,98.1,97.44,101.1
827,Croatia,2019-12,4.18,99.5,98.81,107.2
828,Croatia,2020-01,3.77,100.7,97.65,104.7
829,Croatia,2020-02,3.3,101.6,98.47,102.0
830,Croatia,2020-03,3.89,102.2,97.98,101.2
831,Croatia,2020-04,2.73,102.4,96.86,98.6
832,Croatia,2020-05,3.14,102.6,97.14,91.1
833,Croatia,2020-06,3.76,102.7,97.27,91.1
834,Croatia,2020-07,4.03,102.6,96.26,90.8
835,Croatia,2020-08,3.79,102.3,96.71,91.1
836,Croatia,2020-09,3.97,101.8,97.16,90.4
837,Croatia,2020-10,3.9,101.0,96.3,95.3
838,Croatia,2020-11,3.44,100.6,97.27,99.0
839,Croatia,2020-12,3.65,100.8,95.91,98.5
840,Croatia,2021-01,3.22,101.4,96.36,99.8
841,Croatia,2021-02,3.06,102.5,96.5,99.0
842,Croatia,2021-03,3.62,104.1,96.76,100.2
843,Croatia,2021-04,3.24,106.4,96.42,100.7
844,Croatia,2021-05,3.54,107.0,95.39,97.4
845,Croatia,2021-06,3.63,105.9,97.04,100.2
846,Croatia,2021-07,3.98,103.3,96.82,104.3
847,Croatia,2021-08,4.06,102.8,97.25,107.4
848,Croatia,2021-09,3.93,104.3,97.94,109.7
849,Croatia,2021-10,3.69,108.1,98.84,113.7
850,Croatia,2021-11,3.67,111.9,102.82,118.1
851,Croatia,2021-12,3.54,116.0,104.3,116.6
852,Croatia,2022-01,3.1,120.4,105.92,117.6
853,Croatia,2022-02,2.99,125.5,107.93,124.2
854,Croatia,2022-03,3.17,131.7,109.79,132.4
855,Croatia,2022-04,3.06,139.3,114.01,141.6
856,Croatia,2022-05,3.19,139.4,115.37,142.7
857,Croatia,2022-06,3.49,131.9,117.53,145.1
858,Croatia,2022-07,3.63,117.8,117.33,144.4
859,Croatia,2022-08,4.11,113.0,117.37,144.4
860,Croatia,2022-09,3.76,116.2,116.81,142.3
861,Croatia,2022-10,3.6,128.2,117.54,141.5
862,Croatia,2022-11,3.48,137.1,117.53,142.4
863,Croatia,2022-12,3.65,142.4,119.02,144.2
864,Hungary,2017-01,2.17,90.6,102.64,100.0
865,Hungary,2017-02,2.1,86.1,102.66,106.7
866,Hungary,2017-03,2.14,88.3,103.02,105.7
867,Hungary,2017-04,2.32,97.8,102.83,111.5
868,Hungary,2017-05,2.33,103.7,103.5,112.0
869,Hungary,2017-06,2.15,105.4,104.0,108.1
870,Hungary,2017-07,1.98,102.6,104.32,107.9
871,Hungary,2017-08,2.18,101.1,105.1,107.1
872,Hungary,2017-09,2.37,100.8,105.37,107.1
873,Hungary,2017-10,2.29,101.8,105.34,108.6
874,Hungary,2017-11,2.67,102.5,105.78,110.4
875,Hungary,2017-12,2.52,103.1,105.67,115.4
876,Hungary,2018-01,2.76,103.5,106.23,113.2
877,Hungary,2018-02,2.25,103.5,105.92,115.4
878,Hungary,2018-03,2.09,103.0,106.14,117.1
879,Hungary,2018-04,2.89,102.0,106.39,114.3
880,Hungary,2018-05,2.72,101.3,106.78,112.6
881,Hungary,2018-06,2.24,100.9,106.98,115.3
882,Hungary,2018-07,2.28,100.7,107.17,123.5
883,Hungary,2018-08,2.61,99.9,107.77,116.8
884,Hungary,2018-09,2.29,98.4,107.86,119.1
885,Hungary,2018-10,2.35,96.3,108.52,116.8
886,Hungary,2018-11,2.48,95.0,108.34,119.7
887,Hungary,2018-12,2.2,94.2,109.09,123.2
888,Hungary,2019-01,2.53,94.1,109.36,119.3
889,Hungary,2019-02,2.19,95.4,110.23,115.4
890,Hungary,2019-03,1.94,98.1,110.0,112.6
891,Hungary,2019-04,3.04,102.4,110.1,117.6
892,Hungary,2019-05,2.85,104.5,110.86,116.1
893,Hungary,2019-06,2.19,104.1,111.33,119.3
894,Hungary,2019-07,2.35,101.5,111.26,117.4
895,Hungary,2019-08,2.37,99.4,111.66,115.6
896,Hungary,2019-09,2.44,98.0,112.22,129.5
897,Hungary,2019-10,2.68,97.1,113.07,116.5
898,Hungary,2019-11,2.67,98.1,114.0,120.3
899,Hungary,2019-12,2.5,101.1,114.96,124.5
900,Hungary,2020-01,2.83,106.2,115.54,123.7
901,Hungary,2020-02,2.09,108.1,115.8,121.4
902,Hungary,2020-03,1.88,106.6,115.9,119.9
903,Hungary,2020-04,2.63,101.8,118.14,129.5
904,Hungary,2020-05,2.1,99.0,118.54,118.9
905,Hungary,2020-06,2.15,98.0,118.78,115.9
906,Hungary,2020-07,2.52,98.8,119.36,126.8
907,Hungary,2020-08,2.28,100.1,119.39,123.8
908,Hungary,2020-09,2.46,101.9,119.58,121.4
909,Hungary,2020-10,2.42,104.2,119.6,125.8
910,Hungary,2020-11,2.42,106.2,119.79,125.6
911,Hungary,2020-12,2.3,107.8,119.74,128.9
912,Hungary,2021-01,2.25,109.0,119.72,126.6
913,Hungary,2021-02,1.99,110.4,120.02,121.8
914,Hungary,2021-03,1.82,112.2,120.33,125.5
915,Hungary,2021-04,2.8,114.4,120.17,132.7
916,Hungary,2021-05,2.5,114.2,121.27,136.3
917,Hungary,2021-06,2.47,111.6,120.97,131.5
918,Hungary,2021-07,2.47,106.8,121.94,142.1
919,Hungary,2021-08,2.4,107.1,123.01,140.4
920,Hungary,2021-09,2.56,112.7,123.76,138.8
921,Hungary,2021-10,2.36,124.3,124.85,148.7
922,Hungary,2021-11,2.6,131.6,126.1,161.1
923,Hungary,2021-12,2.71,133.9,130.34,167.5
924,Hungary,2022-01,2.2,130.8,134.15,160.2
925,Hungary,2022-02,1.98,132.9,136.69,163.1
926,Hungary,2022-03,1.85,140.3,141.52,191.1
927,Hungary,2022-04,2.57,154.0,154.33,198.9
928,Hungary,2022-05,2.18,163.5,161.97,201.4
929,Hungary,2022-06,2.17,167.9,170.64,206.8
930,Hungary,2022-07,2.12,166.8,174.37,203.2
931,Hungary,2022-08,2.21,166.3,177.58,209.0
932,Hungary,2022-09,2.23,166.6,181.54,219.4
933,Hungary,2022-10,1.89,167.5,183.0,222.9
934,Hungary,2022-11,2.24,167.5,185.44,228.3
935,Hungary,2022-12,2.05,166.6,186.74,237.1
936,Ireland,2017-01,49.95,90.5,103.5,117.9
937,Ireland,2017-02,49.3,92.6,94.3,102.9
938,Ireland,2017-03,51.15,95.2,100.4,105.0
939,Ireland,2017-04,43.18,98.4,97.2,107.4
940,Ireland,2017-05,51.09,99.7,101.3,110.1
941,Ireland,2017-06,52.0,99.1,98.0,114.1
942,Ireland,2017-07,48.2,96.7,96.2,96.6
943,Ireland,2017-08,55.2,94.9,96.2,97.5
944,Ireland,2017-09,54.5,93.4,101.1,103.4
945,Ireland,2017-10,55.6,92.3,99.0,103.5
946,Ireland,2017-11,59.94,92.2,98.3,108.0
947,Ireland,2017-12,46.93,92.9,94.3,84.0
948,Ireland,2018-01,52.89,94.5,97.0,126.0
949,Ireland,2018-02,49.01,96.3,95.0,127.3
950,Ireland,2018-03,48.71,98.3,92.9,136.5
951,Ireland,2018-04,48.19,100.5,92.4,128.0
952,Ireland,2018-05,49.64,100.3,94.4,128.6
953,Ireland,2018-06,49.08,97.6,91.8,148.1
954,Ireland,2018-07,53.5,92.7,91.1,130.6
955,Ireland,2018-08,53.85,89.7,94.8,149.6
956,Ireland,2018-09,53.32,88.4,92.6,145.5
957,Ireland,2018-10,59.3,88.7,92.6,136.8
958,Ireland,2018-11,61.03,88.7,93.1,114.2
959,Ireland,2018-12,44.04,88.3,93.1,132.4
960,Ireland,2019-01,57.14,87.5,94.0,128.5
961,Ireland,2019-02,52.44,87.8,88.2,135.6
962,Ireland,2019-03,52.21,89.2,91.4,126.5
963,Ireland,2019-04,51.71,91.8,91.0,120.9
964,Ireland,2019-05,52.97,92.3,94.8,100.4
965,Ireland,2019-06,48.51,90.7,90.0,124.7
966,Ireland,2019-07,55.93,87.2,87.9,139.1
967,Ireland,2019-08,45.97,85.2,93.1,138.8
968,Ireland,2019-09,32.97,84.5,94.7,137.7
969,Ireland,2019-10,61.82,85.2,94.4,125.9
970,Ireland,2019-11,59.89,86.7,91.6,138.3
971,Ireland,2019-12,48.25,88.9,92.9,143.7
972,Ireland,2020-01,56.11,92.1,91.1,138.3
973,Ireland,2020-02,53.26,93.4,90.4,126.9
974,Ireland,2020-03,55.37,92.7,92.6,165.0
975,Ireland,2020-04,40.86,90.0,89.3,144.6
976,Ireland,2020-05,42.99,89.2,92.0,143.1
977,Ireland,2020-06,56.62,90.2,89.8,150.1
978,Ireland,2020-07,58.38,93.1,87.9,144.0
979,Ireland,2020-08,52.32,94.6,88.7,141.6
980,Ireland,2020-09,55.63,94.7,88.3,140.4
981,Ireland,2020-10,57.58,93.3,88.5,152.4
982,Ireland,2020-11,55.88,93.0,88.9,127.4
983,Ireland,2020-12,48.39,93.6,87.9,117.9
984,Ireland,2021-01,44.72,95.3,87.3,142.7
985,Ireland,2021-02,43.43,97.3,85.7,134.4
986,Ireland,2021-03,51.59,99.7,87.5,133.4
987,Ireland,2021-04,45.46,102.5,87.7,140.0
988,Ireland,2021-05,46.26,104.9,85.8,132.2
989,Ireland,2021-06,46.78,106.8,86.1,131.8
990,Ireland,2021-07,52.06,108.3,86.1,131.7
991,Ireland,2021-08,53.32,108.8,86.2,133.0
992,Ireland,2021-09,55.68,108.2,86.6,142.9
993,Ireland,2021-10,53.48,106.6,86.9,140.6
994,Ireland,2021-11,56.15,106.5,85.7,143.9
995,Ireland,2021-12,45.58,107.8,87.4,149.1
996,Ireland,2022-01,47.36,110.7,87.5,146.9
997,Ireland,2022-02,49.74,114.9,87.6,151.2
998,Ireland,2022-03,53.42,120.5,90.0,120.2
999,Ireland,2022-04,51.78,127.7,91.9,167.1
1000,Ireland,2022-05,50.81,131.6,92.0,154.3
1001,Ireland,2022-06,48.25,131.8,93.1,166.5
1002,Ireland,2022-07,49.33,128.2,95.9,167.6
1003,Ireland,2022-08,55.99,124.9,96.2,163.0
1004,Ireland,2022-09,57.6,121.6,96.2,175.2
1005,Ireland,2022-10,55.38,118.5,96.3,159.9
1006,Ireland,2022-11,57.09,118.8,96.4,166.0
1007,Ireland,2022-12,44.68,122.8,96.3,168.2
1008,Italy,2017-01,62.61,98.1,101.2,100.9
1009,Italy,2017-02,56.72,98.3,101.4,100.4
1010,Italy,2017-03,64.09,98.5,101.4,100.7
1011,Italy,2017-04,56.07,98.9,101.4,102.7
1012,Italy,2017-05,61.71,99.3,101.6,103.2
1013,Italy,2017-06,63.37,99.7,101.5,100.7
1014,Italy,2017-07,66.39,100.0,101.6,103.0
1015,Italy,2017-08,65.07,100.4,101.6,104.8
1016,Italy,2017-09,64.64,100.8,101.9,104.6
1017,Italy,2017-10,65.59,101.2,102.4,102.5
1018,Italy,2017-11,62.63,101.7,102.5,104.1
1019,Italy,2017-12,67.53,102.2,102.6,104.2
1020,Italy,2018-01,66.65,102.7,103.2,103.7
1021,Italy,2018-02,60.92,102.9,103.0,103.2
1022,Italy,2018-03,68.64,102.8,103.0,103.0
1023,Italy,2018-04,59.98,102.4,103.2,103.2
1024,Italy,2018-05,65.32,101.8,103.0,102.0
1025,Italy,2018-06,60.24,101.0,102.9,103.5
1026,Italy,2018-07,66.52,100.1,103.0,101.3
1027,Italy,2018-08,74.59,99.6,102.7,103.3
1028,Italy,2018-09,70.47,99.5,103.4,102.7
1029,Italy,2018-10,75.12,99.8,103.3,99.7
1030,Italy,2018-11,71.17,100.2,103.4,100.2
1031,Italy,2018-12,69.61,100.6,103.1,100.6
1032,Italy,2019-01,65.22,101.1,103.5,101.2
1033,Italy,2019-02,58.03,101.4,103.9,100.4
1034,Italy,2019-03,64.02,101.7,103.4,100.5
1035,Italy,2019-04,64.22,101.8,104.0,102.0
1036,Italy,2019-05,62.38,101.6,103.7,103.4
1037,Italy,2019-06,55.91,101.1,103.7,103.6
1038,Italy,2019-07,68.52,100.4,103.8,101.9
1039,Italy,2019-08,65.05,99.8,103.9,101.9
1040,Italy,2019-09,69.97,99.2,104.0,102.1
1041,Italy,2019-10,71.73,98.6,104.4,101.4
1042,Italy,2019-11,66.44,98.5,104.7,101.9
1043,Italy,2019-12,68.32,98.7,104.7,102.6
1044,Italy,2020-01,62.98,99.2,105.2,104.5
1045,Italy,2020-02,59.4,99.4,105.2,104.0
1046,Italy,2020-03,60.76,99.2,105.5,104.1
1047,Italy,2020-04,53.93,98.6,105.7,100.5
1048,Italy,2020-05,58.5,98.0,105.8,96.8
1049,Italy,2020-06,60.76,97.4,105.5,101.1
1050,Italy,2020-07,61.34,96.7,105.4,103.1
1051,Italy,2020-08,58.56,96.4,105.3,104.4
1052,Italy,2020-09,62.6,96.4,105.3,103.2
1053,Italy,2020-10,66.06,96.8,104.8,99.6
1054,Italy,2020-11,56.26,97.2,105.1,97.1
1055,Italy,2020-12,71.12,97.6,105.0,98.0
1056,Italy,2021-01,55.78,98.1,105.1,98.4
1057,Italy,2021-02,58.55,98.6,105.2,99.5
1058,Italy,2021-03,68.52,99.2,105.3,99.2
1059,Italy,2021-04,60.7,99.8,105.4,104.5
1060,Italy,2021-05,54.51,100.4,105.7,108.6
1061,Italy,2021-06,57.99,100.7,105.5,111.4
1062,Italy,2021-07,62.57,100.9,105.8,111.9
1063,Italy,2021-08,61.12,101.6,106.3,117.8
1064,Italy,2021-09,65.62,102.9,106.3,119.5
1065,Italy,2021-10,62.62,104.8,106.6,121.7
1066,Italy,2021-11,64.43,106.9,106.9,124.2
1067,Italy,2021-12,75.47,109.2,107.4,124.5
1068,Italy,2022-01,57.5,111.7,108.2,123.9
1069,Italy,2022-02,58.93,114.5,108.7,125.1
1070,Italy,2022-03,71.76,117.6,109.4,132.5
1071,Italy,2022-04,65.38,121.1,110.8,138.4
1072,Italy,2022-05,65.13,123.4,111.7,141.1
1073,Italy,2022-06,56.38,124.5,112.3,140.5
1074,Italy,2022-07,57.83,124.3,112.7,139.7
1075,Italy,2022-08,60.18,124.3,113.7,140.1
1076,Italy,2022-09,65.26,124.6,114.7,140.1
1077,Italy,2022-10,61.88,125.1,115.8,137.3
1078,Italy,2022-11,62.46,126.0,116.3,135.2
1079,Italy,2022-12,64.54,127.5,117.0,136.9
1080,Lithuania,2017-01,3.12,104.6,103.45,109.3
1081,Lithuania,2017-02,2.96,108.7,103.67,109.2
1082,Lithuania,2017-03,3.9,111.0,103.64,119.3
1083,Lithuania,2017-04,3.22,111.4,104.82,108.4
1084,Lithuania,2017-05,3.64,111.9,103.94,119.6
1085,Lithuania,2017-06,3.23,112.3,104.8,119.1
1086,Lithuania,2017-07,3.45,112.9,104.97,108.9
1087,Lithuania,2017-08,3.51,112.7,104.94,118.5
1088,Lithuania,2017-09,3.6,112.0,106.22,111.2
1089,Lithuania,2017-10,4.34,110.5,105.4,105.2
1090,Lithuania,2017-11,3.43,111.6,106.4,110.3
1091,Lithuania,2017-12,2.49,115.1,106.16,92.1
1092,Lithuania,2018-01,3.29,121.4,105.45,109.7
1093,Lithuania,2018-02,2.92,125.5,104.65,100.5
1094,Lithuania,2018-03,3.65,127.1,104.83,106.1
1095,Lithuania,2018-04,3.21,126.1,105.46,113.2
1096,Lithuania,2018-05,3.44,124.1,105.29,101.0
1097,Lithuania,2018-06,3.58,121.1,105.1,103.7
1098,Lithuania,2018-07,3.21,117.0,105.27,108.9
1099,Lithuania,2018-08,3.5,113.8,106.0,98.0
1100,Lithuania,2018-09,3.17,111.4,105.59,91.1
1101,Lithuania,2018-10,4.28,109.6,105.03,97.2
1102,Lithuania,2018-11,3.5,109.6,104.46,102.9
1103,Lithuania,2018-12,2.53,111.3,104.75,104.1
1104,Lithuania,2019-01,3.61,114.8,104.88,112.0
1105,Lithuania,2019-02,3.23,116.7,104.26,98.7
1106,Lithuania,2019-03,3.2,117.0,104.82,93.4
1107,Lithuania,2019-04,3.39,115.6,104.7,103.1
1108,Lithuania,2019-05,3.82,114.1,104.41,101.9
1109,Lithuania,2019-06,3.02,112.5,106.99,101.8
1110,Lithuania,2019-07,3.7,110.6,109.96,111.2
1111,Lithuania,2019-08,3.7,109.2,110.33,99.3
1112,Lithuania,2019-09,3.67,108.1,110.07,93.8
1113,Lithuania,2019-10,4.67,107.3,109.61,105.0
1114,Lithuania,2019-11,3.71,107.9,110.31,107.8
1115,Lithuania,2019-12,2.73,110.0,108.43,99.4
1116,Lithuania,2020-01,3.87,113.6,109.77,104.7
1117,Lithuania,2020-02,3.54,114.5,108.68,97.9
1118,Lithuania,2020-03,3.38,112.6,109.12,106.8
1119,Lithuania,2020-04,2.72,108.2,110.81,114.1
1120,Lithuania,2020-05,3.15,106.2,111.03,108.4
1121,Lithuania,2020-06,3.22,106.7,110.0,100.9
1122,Lithuania,2020-07,3.97,109.5,107.94,106.6
1123,Lithuania,2020-08,3.4,110.3,108.94,113.4
1124,Lithuania,2020-09,3.73,109.0,108.25,106.3
1125,Lithuania,2020-10,4.34,105.6,108.62,105.4
1126,Lithuania,2020-11,3.72,105.2,107.7,103.3
1127,Lithuania,2020-12,2.71,107.6,108.36,103.1
1128,Lithuania,2021-01,3.05,113.0,108.14,122.7
1129,Lithuania,2021-02,2.51,116.9,105.77,115.2
1130,Lithuania,2021-03,4.04,119.3,106.34,128.1
1131,Lithuania,2021-04,3.72,119.9,106.2,114.0
1132,Lithuania,2021-05,3.69,121.0,108.97,121.2
1133,Lithuania,2021-06,3.33,122.4,110.31,124.7
1134,Lithuania,2021-07,3.94,124.3,109.68,121.3
1135,Lithuania,2021-08,3.59,126.4,112.26,117.9
1136,Lithuania,2021-09,4.01,128.8,112.31,117.0
1137,Lithuania,2021-10,4.47,131.4,111.73,124.5
1138,Lithuania,2021-11,4.1,135.8,115.6,133.0
1139,Lithuania,2021-12,3.25,142.1,119.91,138.0
1140,Lithuania,2022-01,3.01,150.7,123.07,150.0
1141,Lithuania,2022-02,2.73,160.4,122.58,149.3
1142,Lithuania,2022-03,4.47,171.4,125.77,160.4
1143,Lithuania,2022-04,3.65,184.2,135.36,183.4
1144,Lithuania,2022-05,3.59,191.1,140.4,193.3
1145,Lithuania,2022-06,3.23,191.5,144.04,189.3
1146,Lithuania,2022-07,3.5,185.3,145.47,184.1
1147,Lithuania,2022-08,3.31,179.8,147.12,182.5
1148,Lithuania,2022-09,4.1,174.8,148.32,183.9
1149,Lithuania,2022-10,3.84,170.1,149.0,177.2
1150,Lithuania,2022-11,3.71,168.3,150.57,168.6
1151,Lithuania,2022-12,3.16,169.0,151.0,169.0
1152,Luxembourg,2017-01,0.81,101.7,106.31,99.6
1153,Luxembourg,2017-02,0.73,99.7,107.64,99.1
1154,Luxembourg,2017-03,0.87,100.3,108.06,98.6
1155,Luxembourg,2017-04,0.69,103.6,108.2,103.8
1156,Luxembourg,2017-05,0.82,104.4,108.8,101.6
1157,Luxembourg,2017-06,0.77,102.7,107.75,99.1
1158,Luxembourg,2017-07,0.66,98.6,109.0,100.8
1159,Luxembourg,2017-08,0.8,97.1,106.94,100.1
1160,Luxembourg,2017-09,0.81,98.2,109.65,100.8
1161,Luxembourg,2017-10,0.88,101.8,110.1,100.7
1162,Luxembourg,2017-11,0.88,104.0,110.46,101.2
1163,Luxembourg,2017-12,0.84,104.7,110.4,108.5
1164,Luxembourg,2018-01,0.84,103.9,110.34,100.0
1165,Luxembourg,2018-02,0.78,103.9,110.13,100.8
1166,Luxembourg,2018-03,0.88,104.8,111.07,98.5
1167,Luxembourg,2018-04,0.8,106.5,110.99,101.0
1168,Luxembourg,2018-05,0.82,106.8,110.49,98.0
1169,Luxembourg,2018-06,0.83,105.5,111.07,101.8
1170,Luxembourg,2018-07,0.75,102.6,111.69,98.7
1171,Luxembourg,2018-08,0.79,100.2,111.69,101.7
1172,Luxembourg,2018-09,0.82,98.1,111.17,98.9
1173,Luxembourg,2018-10,0.82,96.3,111.59,99.6
1174,Luxembourg,2018-11,0.95,96.1,112.68,98.4
1175,Luxembourg,2018-12,0.8,97.5,111.55,104.6
1176,Luxembourg,2019-01,0.88,100.5,111.99,97.9
1177,Luxembourg,2019-02,0.79,102.3,112.16,97.3
1178,Luxembourg,2019-03,0.83,103.1,112.53,96.7
1179,Luxembourg,2019-04,0.86,102.6,112.84,96.6
1180,Luxembourg,2019-05,0.83,102.3,112.74,96.9
1181,Luxembourg,2019-06,0.82,102.2,113.39,97.7
1182,Luxembourg,2019-07,0.78,102.2,113.72,95.4
1183,Luxembourg,2019-08,0.8,101.7,113.08,91.5
1184,Luxembourg,2019-09,0.85,100.5,112.78,93.7
1185,Luxembourg,2019-10,1.02,98.7,112.19,96.2
1186,Luxembourg,2019-11,0.9,98.3,112.98,94.4
1187,Luxembourg,2019-12,0.84,99.0,112.49,99.3
1188,Luxembourg,2020-01,0.95,101.1,113.35,96.7
1189,Luxembourg,2020-02,0.77,101.9,112.74,98.2
1190,Luxembourg,2020-03,0.85,101.4,113.21,95.6
1191,Luxembourg,2020-04,0.79,99.5,115.44,93.6
1192,Luxembourg,2020-05,0.79,98.1,115.35,89.5
1193,Luxembourg,2020-06,0.88,96.9,114.86,95.3
1194,Luxembourg,2020-07,0.86,96.1,114.9,98.9
1195,Luxembourg,2020-08,0.73,95.3,115.13,98.1
1196,Luxembourg,2020-09,0.88,94.4,115.34,96.8
1197,Luxembourg,2020-10,0.96,93.6,115.52,94.3
1198,Luxembourg,2020-11,0.85,93.6,115.77,93.1
1199,Luxembourg,2020-12,0.93,94.7,115.75,101.3
1200,Luxembourg,2021-01,0.79,96.6,115.38,91.5
1201,Luxembourg,2021-02,0.82,98.6,115.86,95.0
1202,Luxembourg,2021-03,1.01,100.6,116.49,96.5
1203,Luxembourg,2021-04,0.96,102.6,115.48,96.0
1204,Luxembourg,2021-05,0.86,104.0,116.64,99.3
1205,Luxembourg,2021-06,0.89,104.6,116.75,105.8
1206,Luxembourg,2021-07,0.81,104.7,118.33,103.5
1207,Luxembourg,2021-08,0.76,104.4,118.19,106.2
1208,Luxembourg,2021-09,0.88,103.9,119.17,105.2
1209,Luxembourg,2021-10,0.89,103.0,120.05,107.8
1210,Luxembourg,2021-11,0.91,103.9,119.48,112.3
1211,Luxembourg,2021-12,0.92,106.5,120.21,114.3
1212,Luxembourg,2022-01,0.76,111.1,122.54,104.1
1213,Luxembourg,2022-02,0.77,116.3,122.95,110.0
1214,Luxembourg,2022-03,0.91,122.3,125.39,113.5
1215,Luxembourg,2022-04,0.77,129.4,129.33,118.6
1216,Luxembourg,2022-05,0.8,133.4,131.55,116.2
1217,Luxembourg,2022-06,0.8,134.3,133.46,116.2
1218,Luxembourg,2022-07,0.74,132.0,133.41,117.4
1219,Luxembourg,2022-08,0.77,130.6,134.05,113.5
1220,Luxembourg,2022-09,0.84,130.1,133.57,114.9
1221,Luxembourg,2022-10,0.86,130.4,134.99,113.9
1222,Luxembourg,2022-11,0.88,131.3,134.81,114.8
1223,Luxembourg,2022-12,0.82,132.8,133.8,117.8
1224,Latvia,2017-01,1.22,104.4,103.73,97.3
1225,Latvia,2017-02,1.11,108.4,104.52,94.7
1226,Latvia,2017-03,1.39,109.8,104.5,96.0
1227,Latvia,2017-04,1.28,108.4,104.63,92.9
1228,Latvia,2017-05,1.47,107.7,105.05,97.5
1229,Latvia,2017-06,1.3,107.6,105.16,100.5
1230,Latvia,2017-07,1.28,108.2,105.32,98.6
1231,Latvia,2017-08,1.48,108.4,105.32,102.8
1232,Latvia,2017-09,1.61,108.4,105.5,107.9
1233,Latvia,2017-10,1.78,108.1,105.62,104.9
1234,Latvia,2017-11,1.65,109.3,105.62,99.7
1235,Latvia,2017-12,1.19,112.1,104.26,111.0
1236,Latvia,2018-01,1.34,116.6,102.3,106.5
1237,Latvia,2018-02,1.11,120.2,106.2,106.3
1238,Latvia,2018-03,1.32,122.8,108.33,110.9
1239,Latvia,2018-04,1.29,124.4,108.25,113.9
1240,Latvia,2018-05,1.35,123.8,108.49,108.9
1241,Latvia,2018-06,1.31,121.3,108.44,110.0
1242,Latvia,2018-07,1.23,116.7,109.89,109.1
1243,Latvia,2018-08,1.45,114.1,110.2,116.1
1244,Latvia,2018-09,1.33,113.2,111.9,113.3
1245,Latvia,2018-10,1.63,113.9,112.34,110.0
1246,Latvia,2018-11,1.51,114.9,112.11,110.9
1247,Latvia,2018-12,1.0,116.2,112.23,112.2
1248,Latvia,2019-01,1.38,117.8,112.93,113.1
1249,Latvia,2019-02,1.15,119.3,112.23,106.0
1250,Latvia,2019-03,1.13,120.9,109.58,109.3
1251,Latvia,2019-04,1.23,122.5,107.03,112.7
1252,Latvia,2019-05,1.33,122.2,115.65,112.3
1253,Latvia,2019-06,0.99,120.1,115.38,111.0
1254,Latvia,2019-07,1.27,116.1,115.67,115.3
1255,Latvia,2019-08,1.23,113.3,115.65,111.7
1256,Latvia,2019-09,1.27,111.5,115.5,113.9
1257,Latvia,2019-10,1.55,110.7,116.22,109.3
1258,Latvia,2019-11,1.27,111.6,116.42,105.9
1259,Latvia,2019-12,0.98,114.5,116.44,105.3
1260,Latvia,2020-01,1.31,119.4,116.8,111.4
1261,Latvia,2020-02,1.09,120.8,115.88,109.8
1262,Latvia,2020-03,1.24,118.5,118.89,105.8
1263,Latvia,2020-04,1.16,112.8,117.56,109.1
1264,Latvia,2020-05,1.13,110.1,119.18,109.9
1265,Latvia,2020-06,0.95,110.1,119.43,114.1
1266,Latvia,2020-07,1.38,112.9,119.43,112.7
1267,Latvia,2020-08,1.15,113.8,117.77,110.8
1268,Latvia,2020-09,1.3,112.6,120.95,103.2
1269,Latvia,2020-10,1.47,109.4,120.91,111.4
1270,Latvia,2020-11,1.25,108.5,121.03,109.1
1271,Latvia,2020-12,1.08,109.7,120.35,108.5
1272,Latvia,2021-01,1.17,113.3,120.15,105.1
1273,Latvia,2021-02,1.02,116.8,122.22,110.6
1274,Latvia,2021-03,1.35,120.3,118.36,111.6
1275,Latvia,2021-04,1.33,123.9,122.16,114.2
1276,Latvia,2021-05,1.24,126.8,122.28,116.4
1277,Latvia,2021-06,1.13,129.2,121.54,115.0
1278,Latvia,2021-07,1.35,131.0,117.19,115.6
1279,Latvia,2021-08,1.32,133.0,120.63,108.4
1280,Latvia,2021-09,1.49,135.1,120.4,113.8
1281,Latvia,2021-10,1.49,137.5,121.27,120.1
1282,Latvia,2021-11,1.45,142.9,122.83,122.0
1283,Latvia,2021-12,1.19,151.5,125.9,124.3
1284,Latvia,2022-01,1.16,164.2,125.5,132.7
1285,Latvia,2022-02,1.1,175.6,127.02,130.0
1286,Latvia,2022-03,1.54,185.6,133.86,138.3
1287,Latvia,2022-04,1.21,194.0,140.76,156.7
1288,Latvia,2022-05,1.18,198.1,143.56,167.3
1289,Latvia,2022-06,1.02,197.8,147.25,167.7
1290,Latvia,2022-07,1.18,193.0,155.52,164.9
1291,Latvia,2022-08,1.17,188.2,154.97,166.0
1292,Latvia,2022-09,1.28,183.2,158.13,159.4
1293,Latvia,2022-10,1.28,177.9,170.46,166.9
1294,Latvia,2022-11,1.32,175.5,167.61,171.3
1295,Latvia,2022-12,1.09,175.7,166.12,169.0
1296,Malta,2017-01,0.1,95.0,103.46,103.1
1297,Malta,2017-02,0.1,95.8,103.63,92.6
1298,Malta,2017-03,0.1,95.8,103.63,96.6
1299,Malta,2017-04,0.09,94.8,103.79,92.8
1300,Malta,2017-05,0.12,95.1,103.13,104.3
1301,Malta,2017-06,0.08,96.6,103.69,111.4
1302,Malta,2017-07,0.08,99.4,103.89,101.2
1303,Malta,2017-08,0.09,100.0,103.97,112.8
1304,Malta,2017-09,0.08,98.3,104.31,87.7
1305,Malta,2017-10,0.09,94.4,104.62,88.8
1306,Malta,2017-11,0.1,93.1,105.12,105.9
1307,Malta,2017-12,0.08,94.4,105.14,101.6
1308,Malta,2018-01,0.11,98.4,105.17,95.6
1309,Malta,2018-02,0.08,101.0,105.42,107.5
1310,Malta,2018-03,0.07,102.0,105.44,107.9
1311,Malta,2018-04,0.11,101.6,105.44,109.8
1312,Malta,2018-05,0.12,101.7,105.38,113.1
1313,Malta,2018-06,0.07,102.4,107.32,109.6
1314,Malta,2018-07,0.08,103.6,107.37,106.9
1315,Malta,2018-08,0.08,104.1,107.52,112.0
1316,Malta,2018-09,0.08,103.7,107.85,110.9
1317,Malta,2018-10,0.11,102.6,108.34,104.2
1318,Malta,2018-11,0.09,102.3,108.3,106.4
1319,Malta,2018-12,0.08,102.8,108.32,105.8
1320,Malta,2019-01,0.1,104.1,108.36,101.4
1321,Malta,2019-02,0.08,104.9,108.96,99.5
1322,Malta,2019-03,0.08,105.5,108.96,98.7
1323,Malta,2019-04,0.09,105.6,108.82,113.0
1324,Malta,2019-05,0.08,105.9,108.75,105.7
1325,Malta,2019-06,0.07,106.2,108.75,104.8
1326,Malta,2019-07,0.08,106.8,108.94,107.0
1327,Malta,2019-08,0.07,107.0,108.76,111.3
1328,Malta,2019-09,0.08,107.0,108.67,105.3
1329,Malta,2019-10,0.11,106.7,108.8,98.6
1330,Malta,2019-11,0.08,106.1,108.76,105.8
1331,Malta,2019-12,0.1,105.3,108.53,97.0
1332,Malta,2020-01,0.12,104.2,108.91,100.6
1333,Malta,2020-02,0.09,103.6,108.99,107.8
1334,Malta,2020-03,0.1,103.3,109.15,106.0
1335,Malta,2020-04,0.1,103.5,109.87,101.4
1336,Malta,2020-05,0.09,104.0,110.17,100.7
1337,Malta,2020-06,0.08,105.1,110.17,106.7
1338,Malta,2020-07,0.1,106.6,109.93,105.0
1339,Malta,2020-08,0.08,106.6,109.81,101.1
1340,Malta,2020-09,0.1,105.2,109.73,113.2
1341,Malta,2020-10,0.09,102.2,110.32,104.8
1342,Malta,2020-11,0.1,100.9,110.32,100.2
1343,Malta,2020-12,0.11,101.3,112.17,101.9
1344,Malta,2021-01,0.09,103.2,112.23,110.3
1345,Malta,2021-02,0.09,104.6,112.07,105.1
1346,Malta,2021-03,0.1,105.6,111.44,112.4
1347,Malta,2021-04,0.09,106.0,111.31,111.0
1348,Malta,2021-05,0.09,106.0,111.42,106.9
1349,Malta,2021-06,0.09,105.5,111.38,117.5
1350,Malta,2021-07,0.07,104.5,111.42,121.3
1351,Malta,2021-08,0.09,104.6,111.58,110.0
1352,Malta,2021-09,0.08,105.8,111.63,111.4
1353,Malta,2021-10,0.07,108.0,112.29,120.6
1354,Malta,2021-11,0.1,109.9,113.33,118.5
1355,Malta,2021-12,0.08,111.6,114.26,118.3
1356,Malta,2022-01,0.09,113.0,115.55,107.2
1357,Malta,2022-02,0.09,115.1,116.21,130.0
1358,Malta,2022-03,0.11,118.1,120.77,127.7
1359,Malta,2022-04,0.08,122.1,126.19,130.0
1360,Malta,2022-05,0.09,124.7,127.88,148.0
1361,Malta,2022-06,0.07,125.7,129.83,136.4
1362,Malta,2022-07,0.07,125.2,130.56,145.5
1363,Malta,2022-08,0.08,124.7,130.71,139.3
1364,Malta,2022-09,0.08,123.9,130.48,144.7
1365,Malta,2022-10,0.08,123.0,130.77,141.5
1366,Malta,2022-11,0.1,123.0,131.79,145.5
1367,Malta,2022-12,0.09,124.0,132.24,140.0
1368,Netherlands,2017-01,36.08,98.4,99.88,102.5
1369,Netherlands,2017-02,35.83,98.3,100.31,99.5
1370,Netherlands,2017-03,44.06,97.9,100.36,101.6
1371,Netherlands,2017-04,35.0,97.4,99.72,101.2
1372,Netherlands,2017-05,39.13,96.4,101.86,105.8
1373,Netherlands,2017-06,33.79,95.1,102.83,108.4
1374,Netherlands,2017-07,31.79,93.3,104.33,103.9
1375,Netherlands,2017-08,33.25,93.7,103.79,104.5
1376,Netherlands,2017-09,34.71,96.3,104.16,105.0
1377,Netherlands,2017-10,36.57,101.5,103.86,103.4
1378,Netherlands,2017-11,42.05,105.0,104.92,103.0
1379,Netherlands,2017-12,36.62,106.8,104.23,103.3
1380,Netherlands,2018-01,36.51,106.9,104.75,101.0
1381,Netherlands,2018-02,32.0,105.9,104.54,98.7
1382,Netherlands,2018-03,42.82,103.8,102.65,103.4
1383,Netherlands,2018-04,33.38,100.5,102.99,99.6
1384,Netherlands,2018-05,38.68,97.5,103.65,101.2
1385,Netherlands,2018-06,40.0,94.5,104.28,106.7
1386,Netherlands,2018-07,38.02,91.6,105.2,103.1
1387,Netherlands,2018-08,40.32,90.9,106.75,102.1
1388,Netherlands,2018-09,38.68,92.6,104.21,101.6
1389,Netherlands,2018-10,43.77,96.6,104.29,99.2
1390,Netherlands,2018-11,40.1,98.4,106.61,99.0
1391,Netherlands,2018-12,34.93,97.8,104.93,100.5
1392,Netherlands,2019-01,35.33,94.8,107.98,98.7
1393,Netherlands,2019-02,32.2,92.7,106.49,97.8
1394,Netherlands,2019-03,33.1,91.2,106.57,100.4
1395,Netherlands,2019-04,37.98,90.4,107.59,102.5
1396,Netherlands,2019-05,36.74,89.2,110.09,105.8
1397,Netherlands,2019-06,32.83,87.4,109.59,103.6
1398,Netherlands,2019-07,33.8,85.2,109.51,102.8
1399,Netherlands,2019-08,32.75,85.2,110.85,100.7
1400,Netherlands,2019-09,35.97,87.6,110.27,101.2
1401,Netherlands,2019-10,39.18,92.7,108.31,100.9
1402,Netherlands,2019-11,37.76,96.7,108.84,98.2
1403,Netherlands,2019-12,36.67,99.8,108.32,101.1
1404,Netherlands,2020-01,38.77,102.1,109.86,105.1
1405,Netherlands,2020-02,34.22,99.0,108.58,105.7
1406,Netherlands,2020-03,34.46,91.1,111.75,105.3
1407,Netherlands,2020-04,30.92,79.1,113.8,98.5
1408,Netherlands,2020-05,33.33,73.2,113.12,96.8
1409,Netherlands,2020-06,36.12,71.8,114.28,100.8
1410,Netherlands,2020-07,36.47,74.6,115.06,99.0
1411,Netherlands,2020-08,34.95,77.2,113.96,100.1
1412,Netherlands,2020-09,39.16,79.5,112.97,103.8
1413,Netherlands,2020-10,41.4,81.6,111.92,97.0
1414,Netherlands,2020-11,34.94,83.6,111.06,95.5
1415,Netherlands,2020-12,38.11,85.6,111.52,96.9
1416,Netherlands,2021-01,31.77,87.5,113.04,93.6
1417,Netherlands,2021-02,30.44,88.7,112.05,97.4
1418,Netherlands,2021-03,39.45,89.0,113.15,99.2
1419,Netherlands,2021-04,34.83,88.6,111.7,101.5
1420,Netherlands,2021-05,34.2,89.1,112.15,104.1
1421,Netherlands,2021-06,38.67,90.8,111.74,107.9
1422,Netherlands,2021-07,34.3,93.7,111.91,112.4
1423,Netherlands,2021-08,34.04,97.2,113.56,114.2
1424,Netherlands,2021-09,38.54,101.6,112.2,115.8
1425,Netherlands,2021-10,36.45,107.1,113.66,116.6
1426,Netherlands,2021-11,39.27,111.3,112.83,123.0
1427,Netherlands,2021-12,37.69,114.3,116.54,122.6
1428,Netherlands,2022-01,31.64,116.2,117.26,119.3
1429,Netherlands,2022-02,31.2,118.9,119.55,126.3
1430,Netherlands,2022-03,37.7,122.7,123.59,135.9
1431,Netherlands,2022-04,34.25,127.9,131.74,138.5
1432,Netherlands,2022-05,36.56,130.6,137.21,146.6
1433,Netherlands,2022-06,35.25,130.9,140.41,146.4
1434,Netherlands,2022-07,31.49,128.8,139.99,146.6
1435,Netherlands,2022-08,35.89,127.9,142.07,143.4
1436,Netherlands,2022-09,38.03,128.1,140.25,141.6
1437,Netherlands,2022-10,35.59,129.5,140.57,142.1
1438,Netherlands,2022-11,37.67,130.6,141.42,140.5
1439,Netherlands,2022-12,36.25,131.7,141.06,137.3
1440,Poland,2017-01,41.24,105.6,102.3,111.8
1441,Poland,2017-02,39.85,106.3,102.1,106.6
1442,Poland,2017-03,49.52,106.5,102.8,99.1
1443,Poland,2017-04,41.79,106.2,103.4,107.0
1444,Poland,2017-05,47.04,105.7,103.2,100.4
1445,Poland,2017-06,48.38,104.9,103.4,107.0
1446,Poland,2017-07,49.54,103.9,103.3,115.9
1447,Poland,2017-08,49.27,104.1,103.6,112.9
1448,Poland,2017-09,49.4,105.6,103.5,115.3
1449,Poland,2017-10,50.31,108.4,103.6,111.4
1450,Poland,2017-11,48.77,110.1,104.7,107.9
1451,Poland,2017-12,43.46,110.7,105.5,107.6
1452,Poland,2018-01,45.06,110.1,106.1,115.5
1453,Poland,2018-02,43.97,110.2,106.2,118.4
1454,Poland,2018-03,51.49,111.0,105.9,126.6
1455,Poland,2018-04,45.16,112.6,106.6,122.9
1456,Poland,2018-05,48.27,113.2,106.1,128.8
1457,Poland,2018-06,51.77,112.7,106.2,121.2
1458,Poland,2018-07,48.81,111.3,106.3,126.8
1459,Poland,2018-08,48.22,110.4,106.5,108.6
1460,Poland,2018-09,45.25,110.1,107.1,120.7
1461,Poland,2018-10,51.53,110.4,106.9,110.8
1462,Poland,2018-11,46.05,110.2,106.7,113.3
1463,Poland,2018-12,39.15,109.5,107.1,121.1
1464,Poland,2019-01,49.09,108.4,107.8,121.0
1465,Poland,2019-02,35.99,107.2,106.8,121.4
1466,Poland,2019-03,46.98,106.2,107.0,118.4
1467,Poland,2019-04,45.28,105.1,107.8,127.2
1468,Poland,2019-05,49.96,103.3,108.0,126.7
1469,Poland,2019-06,45.07,100.8,107.6,125.6
1470,Poland,2019-07,47.83,97.6,107.7,116.5
1471,Poland,2019-08,47.44,96.2,107.4,112.1
1472,Poland,2019-09,49.37,96.6,107.6,114.8
1473,Poland,2019-10,52.35,98.8,107.2,113.8
1474,Poland,2019-11,47.63,100.7,107.8,114.2
1475,Poland,2019-12,43.48,102.3,108.4,115.7
1476,Poland,2020-01,49.93,103.7,109.7,123.7
1477,Poland,2020-02,47.58,103.2,109.6,124.7
1478,Poland,2020-03,45.78,100.8,110.4,118.2
1479,Poland,2020-04,37.92,96.6,110.6,124.7
1480,Poland,2020-05,43.82,95.2,110.3,118.6
1481,Poland,2020-06,51.99,96.2,110.0,115.9
1482,Poland,2020-07,54.01,99.8,109.8,119.8
1483,Poland,2020-08,45.84,102.1,109.2,126.8
1484,Poland,2020-09,49.97,103.2,109.6,121.8
1485,Poland,2020-10,49.35,102.8,109.5,123.0
1486,Poland,2020-11,38.87,103.5,109.2,121.5
1487,Poland,2020-12,44.34,105.2,110.1,124.1
1488,Poland,2021-01,39.71,108.1,111.1,117.1
1489,Poland,2021-02,42.55,110.9,112.0,120.5
1490,Poland,2021-03,51.63,113.7,112.0,127.3
1491,Poland,2021-04,45.99,116.4,112.8,131.1
1492,Poland,2021-05,46.57,118.4,113.6,117.3
1493,Poland,2021-06,50.51,119.7,114.1,125.8
1494,Poland,2021-07,49.73,120.2,114.6,127.5
1495,Poland,2021-08,45.97,123.7,115.6,137.2
1496,Poland,2021-09,47.04,130.4,116.6,135.6
1497,Poland,2021-10,46.03,140.8,119.2,141.8
1498,Poland,2021-11,45.31,148.9,124.1,143.3
1499,Poland,2021-12,44.08,154.2,130.2,153.7
1500,Poland,2022-01,41.39,156.4,133.8,155.4
1501,Poland,2022-02,44.29,161.4,133.0,158.3
1502,Poland,2022-03,52.67,169.4,136.7,168.2
1503,Poland,2022-04,44.34,180.9,145.3,172.9
1504,Poland,2022-05,45.78,187.1,149.4,178.9
1505,Poland,2022-06,47.73,187.3,149.7,174.1
1506,Poland,2022-07,43.2,181.7,150.9,175.2
1507,Poland,2022-08,45.63,178.3,151.3,178.1
1508,Poland,2022-09,45.29,176.9,152.7,184.7
1509,Poland,2022-10,42.1,177.6,154.6,183.6
1510,Poland,2022-11,48.5,177.9,154.8,178.4
1511,Poland,2022-12,39.68,177.8,155.3,184.8
1512,Portugal,2017-01,7.13,99.5,101.59,102.9
1513,Portugal,2017-02,5.92,100.1,99.59,102.0
1514,Portugal,2017-03,6.84,100.5,100.72,100.7
1515,Portugal,2017-04,6.42,100.8,100.13,104.1
1516,Portugal,2017-05,8.72,100.8,102.03,105.2
1517,Portugal,2017-06,8.18,100.7,102.18,105.2
1518,Portugal,2017-07,8.69,100.3,101.36,104.8
1519,Portugal,2017-08,8.94,100.1,101.82,107.4
1520,Portugal,2017-09,7.4,100.0,102.05,107.8
1521,Portugal,2017-10,8.1,100.1,103.73,104.1
1522,Portugal,2017-11,7.61,100.7,102.68,105.0
1523,Portugal,2017-12,7.17,101.7,100.88,105.0
1524,Portugal,2018-01,7.67,103.1,99.0,106.1
1525,Portugal,2018-02,6.45,104.0,99.04,106.3
1526,Portugal,2018-03,7.23,104.4,99.28,109.2
1527,Portugal,2018-04,7.43,104.3,100.63,106.4
1528,Portugal,2018-05,8.44,104.2,100.51,108.2
1529,Portugal,2018-06,8.07,104.1,99.67,108.6
1530,Portugal,2018-07,9.25,104.1,99.5,109.8
1531,Portugal,2018-08,8.86,104.1,98.88,107.2
1532,Portugal,2018-09,7.43,104.1,98.35,105.3
1533,Portugal,2018-10,8.41,104.1,99.95,109.1
1534,Portugal,2018-11,7.22,104.2,98.84,102.9
1535,Portugal,2018-12,7.32,104.4,99.83,107.8
1536,Portugal,2019-01,6.98,104.8,99.41,103.4
1537,Portugal,2019-02,6.41,105.0,99.3,106.0
1538,Portugal,2019-03,6.87,105.1,100.05,104.4
1539,Portugal,2019-04,7.65,105.0,100.36,105.9
1540,Portugal,2019-05,7.87,104.7,101.2,107.9
1541,Portugal,2019-06,7.94,104.2,99.65,109.2
1542,Portugal,2019-07,9.51,103.4,99.98,108.9
1543,Portugal,2019-08,8.1,102.8,100.36,109.6
1544,Portugal,2019-09,7.48,102.4,100.07,108.5
1545,Portugal,2019-10,8.2,102.0,100.64,108.7
1546,Portugal,2019-11,6.96,102.0,100.21,106.8
1547,Portugal,2019-12,8.07,102.3,100.07,105.1
1548,Portugal,2020-01,7.6,103.0,99.52,109.2
1549,Portugal,2020-02,6.79,103.1,100.09,108.5
1550,Portugal,2020-03,8.24,102.5,100.25,107.1
1551,Portugal,2020-04,6.87,101.4,94.5,102.7
1552,Portugal,2020-05,8.03,100.4,100.87,101.6
1553,Portugal,2020-06,9.23,99.6,101.47,102.5
1554,Portugal,2020-07,9.21,98.9,100.17,100.7
1555,Portugal,2020-08,9.1,98.3,99.95,106.8
1556,Portugal,2020-09,8.55,98.0,101.11,108.3
1557,Portugal,2020-10,8.11,97.8,100.04,105.6
1558,Portugal,2020-11,8.19,97.9,99.98,98.6
1559,Portugal,2020-12,7.87,98.5,99.69,100.2
1560,Portugal,2021-01,7.15,99.4,100.34,102.5
1561,Portugal,2021-02,6.84,100.0,99.35,101.7
1562,Portugal,2021-03,8.91,100.3,99.46,104.2
1563,Portugal,2021-04,7.92,100.2,100.17,108.7
1564,Portugal,2021-05,9.74,100.2,101.74,109.0
1565,Portugal,2021-06,9.53,100.2,101.46,110.4
1566,Portugal,2021-07,9.62,100.2,102.8,110.0
1567,Portugal,2021-08,9.73,100.4,103.48,114.2
1568,Portugal,2021-09,8.65,100.8,102.4,117.2
1569,Portugal,2021-10,8.5,101.5,103.42,122.6
1570,Portugal,2021-11,8.67,102.8,105.88,123.2
1571,Portugal,2021-12,7.73,104.7,111.67,126.9
1572,Portugal,2022-01,7.54,107.2,112.59,129.2
1573,Portugal,2022-02,7.6,109.7,112.22,130.6
1574,Portugal,2022-03,9.44,112.3,115.32,137.1
1575,Portugal,2022-04,8.28,114.9,120.99,148.1
1576,Portugal,2022-05,10.93,116.4,123.02,152.8
1577,Portugal,2022-06,9.6,116.8,123.84,149.4
1578,Portugal,2022-07,9.32,116.0,123.89,150.2
1579,Portugal,2022-08,9.89,116.1,125.47,148.8
1580,Portugal,2022-09,8.37,117.0,125.5,150.6
1581,Portugal,2022-10,7.9,118.7,127.44,146.0
1582,Portugal,2022-11,7.65,120.5,127.16,145.1
1583,Portugal,2022-12,7.26,122.4,129.02,144.4
1584,Romania,2017-01,3.92,96.7,98.33,103.3
1585,Romania,2017-02,4.23,97.8,98.34,103.8
1586,Romania,2017-03,4.76,99.3,98.4,110.4
1587,Romania,2017-04,3.9,101.2,98.88,110.8
1588,Romania,2017-05,5.17,102.2,99.71,106.9
1589,Romania,2017-06,4.86,102.3,99.92,111.0
1590,Romania,2017-07,4.78,101.4,100.39,115.7
1591,Romania,2017-08,5.35,101.1,100.49,114.4
1592,Romania,2017-09,5.31,101.2,100.83,116.7
1593,Romania,2017-10,5.6,101.9,101.22,119.4
1594,Romania,2017-11,6.21,103.3,101.74,120.7
1595,Romania,2017-12,5.05,105.6,102.59,122.6
1596,Romania,2018-01,3.63,108.8,103.25,124.6
1597,Romania,2018-02,3.33,111.8,104.02,132.0
1598,Romania,2018-03,3.88,114.8,104.62,127.0
1599,Romania,2018-04,3.74,117.6,105.14,134.4
1600,Romania,2018-05,4.5,119.2,105.58,128.0
1601,Romania,2018-06,4.17,119.6,105.94,133.8
1602,Romania,2018-07,3.97,118.7,106.36,129.5
1603,Romania,2018-08,4.52,117.6,106.85,146.1
1604,Romania,2018-09,4.17,116.2,107.44,141.1
1605,Romania,2018-10,4.93,114.6,107.87,133.0
1606,Romania,2018-11,5.1,113.8,108.34,139.0
1607,Romania,2018-12,4.0,113.8,108.77,129.6
1608,Romania,2019-01,4.05,114.5,109.16,131.6
1609,Romania,2019-02,3.64,115.3,109.93,138.2
1610,Romania,2019-03,3.83,116.3,110.14,121.7
1611,Romania,2019-04,3.7,117.3,110.59,132.7
1612,Romania,2019-05,4.4,118.2,111.38,124.9
1613,Romania,2019-06,3.69,119.0,111.9,130.6
1614,Romania,2019-07,3.43,119.6,112.27,136.6
1615,Romania,2019-08,3.25,119.7,112.49,140.9
1616,Romania,2019-09,3.3,119.2,112.66,142.7
1617,Romania,2019-10,3.41,118.2,112.96,139.4
1618,Romania,2019-11,3.49,118.7,113.25,135.5
1619,Romania,2019-12,3.36,120.6,113.96,128.5
1620,Romania,2020-01,2.62,124.1,114.67,134.8
1621,Romania,2020-02,2.49,126.5,114.67,124.3
1622,Romania,2020-03,2.47,127.8,115.42,121.8
1623,Romania,2020-04,2.01,127.9,116.33,123.7
1624,Romania,2020-05,2.38,128.7,117.0,123.1
1625,Romania,2020-06,2.53,130.2,117.27,119.0
1626,Romania,2020-07,2.79,132.6,117.69,123.4
1627,Romania,2020-08,2.78,132.9,117.91,132.1
1628,Romania,2020-09,2.98,131.2,118.01,125.3
1629,Romania,2020-10,3.05,127.5,118.08,134.2
1630,Romania,2020-11,2.9,125.5,118.24,127.1
1631,Romania,2020-12,3.2,125.2,118.61,128.1
1632,Romania,2021-01,2.57,126.6,118.95,137.8
1633,Romania,2021-02,2.61,127.9,118.86,133.4
1634,Romania,2021-03,2.77,129.2,119.26,141.3
1635,Romania,2021-04,2.71,130.4,119.61,128.7
1636,Romania,2021-05,2.48,131.8,119.9,137.0
1637,Romania,2021-06,2.74,133.3,120.18,142.0
1638,Romania,2021-07,3.0,134.9,121.06,149.3
1639,Romania,2021-08,3.03,136.3,121.62,142.7
1640,Romania,2021-09,3.15,137.4,121.92,155.8
1641,Romania,2021-10,3.31,138.4,122.44,163.3
1642,Romania,2021-11,4.04,140.8,122.74,148.0
1643,Romania,2021-12,3.78,145.0,123.38,154.6
1644,Romania,2022-01,3.03,150.9,124.57,149.3
1645,Romania,2022-02,3.0,156.3,125.75,153.0
1646,Romania,2022-03,2.81,161.1,128.71,165.6
1647,Romania,2022-04,2.47,165.2,131.7,183.7
1648,Romania,2022-05,2.87,168.7,133.96,196.6
1649,Romania,2022-06,2.8,171.7,135.36,204.5
1650,Romania,2022-07,2.84,174.1,136.82,193.5
1651,Romania,2022-08,3.17,175.1,139.93,190.2
1652,Romania,2022-09,3.31,174.6,141.86,194.6
1653,Romania,2022-10,3.03,172.7,142.92,188.7
1654,Romania,2022-11,3.42,173.0,144.42,188.9
1655,Romania,2022-12,2.87,175.5,146.17,181.5
1656,Sweden,2017-01,10.34,113.6,103.73,96.8
1657,Sweden,2017-02,10.01,114.5,103.69,95.8
1658,Sweden,2017-03,11.6,114.5,105.22,94.3
1659,Sweden,2017-04,9.32,113.7,106.41,97.4
1660,Sweden,2017-05,11.32,112.8,106.26,101.4
1661,Sweden,2017-06,10.34,111.8,106.4,103.9
1662,Sweden,2017-07,9.46,110.6,104.16,105.1
1663,Sweden,2017-08,12.5,110.1,108.21,107.2
1664,Sweden,2017-09,12.03,110.3,107.27,99.5
1665,Sweden,2017-10,12.39,111.2,103.84,105.3
1666,Sweden,2017-11,12.73,110.0,100.74,106.8
1667,Sweden,2017-12,10.03,106.7,107.68,106.4
1668,Sweden,2018-01,11.72,101.5,107.97,104.5
1669,Sweden,2018-02,10.48,98.7,108.85,106.2
1670,Sweden,2018-03,11.24,98.3,108.8,108.1
1671,Sweden,2018-04,11.21,100.0,108.71,115.1
1672,Sweden,2018-05,11.7,102.0,108.77,116.9
1673,Sweden,2018-06,9.84,104.2,108.93,113.1
1674,Sweden,2018-07,10.19,106.7,108.9,117.4
1675,Sweden,2018-08,12.36,108.1,109.95,111.6
1676,Sweden,2018-09,11.75,108.3,108.47,107.9
1677,Sweden,2018-10,13.96,107.3,108.02,108.1
1678,Sweden,2018-11,12.87,106.8,106.11,109.6
1679,Sweden,2018-12,9.55,106.6,107.49,112.1
1680,Sweden,2019-01,12.54,106.7,111.14,109.9
1681,Sweden,2019-02,11.38,106.9,107.86,107.3
1682,Sweden,2019-03,12.17,107.1,107.12,106.3
1683,Sweden,2019-04,11.27,107.3,108.93,109.7
1684,Sweden,2019-05,11.93,107.5,109.09,110.9
1685,Sweden,2019-06,9.38,107.5,107.44,108.8
1686,Sweden,2019-07,10.87,107.5,111.63,114.5
1687,Sweden,2019-08,11.96,107.5,107.62,108.5
1688,Sweden,2019-09,12.09,107.3,109.21,108.7
1689,Sweden,2019-10,13.84,107.0,109.09,110.1
1690,Sweden,2019-11,12.51,107.1,103.11,108.6
1691,Sweden,2019-12,9.73,107.4,107.29,107.3
1692,Sweden,2020-01,12.55,108.0,109.99,114.6
1693,Sweden,2020-02,11.56,108.7,110.39,109.1
1694,Sweden,2020-03,12.18,109.6,112.13,111.7
1695,Sweden,2020-04,11.09,110.7,114.0,111.5
1696,Sweden,2020-05,10.73,111.5,117.18,113.6
1697,Sweden,2020-06,11.3,112.2,115.92,114.6
1698,Sweden,2020-07,10.14,112.6,118.64,112.1
1699,Sweden,2020-08,11.27,112.9,117.86,109.9
1700,Sweden,2020-09,13.11,113.0,116.17,109.1
1701,Sweden,2020-10,13.22,113.0,115.8,109.8
1702,Sweden,2020-11,12.95,113.6,115.24,108.3
1703,Sweden,2020-12,10.91,114.7,115.06,105.8
1704,Sweden,2021-01,10.3,116.4,117.73,109.6
1705,Sweden,2021-02,10.13,117.8,117.38,109.6
1706,Sweden,2021-03,11.67,119.0,119.58,109.9
1707,Sweden,2021-04,10.53,119.9,119.32,112.5
1708,Sweden,2021-05,10.9,120.5,122.25,110.8
1709,Sweden,2021-06,10.99,120.7,121.29,113.3
1710,Sweden,2021-07,9.77,120.6,121.15,118.3
1711,Sweden,2021-08,11.58,120.6,122.47,118.9
1712,Sweden,2021-09,12.72,120.6,120.78,117.6
1713,Sweden,2021-10,12.49,120.7,121.11,122.8
1714,Sweden,2021-11,13.28,121.1,118.87,121.5
1715,Sweden,2021-12,11.44,121.7,121.38,126.9
1716,Sweden,2022-01,10.45,122.6,123.32,128.8
1717,Sweden,2022-02,10.33,124.5,124.34,133.2
1718,Sweden,2022-03,11.28,127.5,127.39,140.1
1719,Sweden,2022-04,9.66,131.7,132.22,151.8
1720,Sweden,2022-05,11.32,135.1,136.48,156.9
1721,Sweden,2022-06,10.9,137.7,142.79,162.0
1722,Sweden,2022-07,9.76,139.4,143.01,161.4
1723,Sweden,2022-08,12.18,140.6,143.99,159.8
1724,Sweden,2022-09,12.54,141.3,142.64,152.1
1725,Sweden,2022-10,12.4,141.5,141.52,159.2
1726,Sweden,2022-11,13.31,142.0,141.85,148.9
1727,Sweden,2022-12,11.11,142.9,140.24,154.3
1728,Slovenia,2017-01,2.69,99.2,95.62,106.2
1729,Slovenia,2017-02,2.69,99.7,95.53,95.7
1730,Slovenia,2017-03,3.17,100.0,92.22,107.7
1731,Slovenia,2017-04,2.87,100.2,95.11,105.4
1732,Slovenia,2017-05,2.93,100.2,95.31,106.3
1733,Slovenia,2017-06,2.58,100.0,93.32,101.2
1734,Slovenia,2017-07,2.36,99.6,95.1,103.8
1735,Slovenia,2017-08,2.52,99.8,95.11,105.8
1736,Slovenia,2017-09,3.04,100.6,95.34,109.6
1737,Slovenia,2017-10,3.53,102.1,98.05,114.5
1738,Slovenia,2017-11,4.05,103.1,98.32,103.3
1739,Slovenia,2017-12,3.37,103.7,102.33,103.4
1740,Slovenia,2018-01,2.82,103.8,105.11,108.4
1741,Slovenia,2018-02,2.44,103.8,105.89,108.1
1742,Slovenia,2018-03,3.22,103.8,105.75,116.6
1743,Slovenia,2018-04,2.96,103.7,106.72,120.1
1744,Slovenia,2018-05,2.63,103.3,105.11,113.7
1745,Slovenia,2018-06,2.24,102.7,104.82,109.9
1746,Slovenia,2018-07,2.27,101.9,105.78,105.2
1747,Slovenia,2018-08,2.35,101.5,105.3,105.6
1748,Slovenia,2018-09,2.68,101.4,105.74,111.0
1749,Slovenia,2018-10,3.63,101.8,106.73,114.6
1750,Slovenia,2018-11,4.2,102.3,106.37,116.6
1751,Slovenia,2018-12,3.43,102.8,106.14,121.3
1752,Slovenia,2019-01,2.83,103.3,105.68,114.1
1753,Slovenia,2019-02,2.62,103.2,105.63,109.3
1754,Slovenia,2019-03,3.04,102.5,103.34,112.5
1755,Slovenia,2019-04,3.15,101.3,104.97,106.4
1756,Slovenia,2019-05,2.84,100.5,108.31,110.0
1757,Slovenia,2019-06,2.24,100.1,112.98,103.7
1758,Slovenia,2019-07,2.47,100.2,112.4,100.2
1759,Slovenia,2019-08,2.4,100.4,111.05,100.2
1760,Slovenia,2019-09,3.0,100.5,107.81,107.5
1761,Slovenia,2019-10,3.57,100.8,108.73,107.4
1762,Slovenia,2019-11,4.04,101.2,111.1,115.6
1763,Slovenia,2019-12,3.54,101.9,110.72,119.8
1764,Slovenia,2020-01,2.87,102.9,113.4,123.6
1765,Slovenia,2020-02,2.61,102.3,115.62,125.1
1766,Slovenia,2020-03,2.98,100.3,116.93,119.4
1767,Slovenia,2020-04,2.6,97.0,118.64,106.5
1768,Slovenia,2020-05,3.18,94.8,117.59,104.8
1769,Slovenia,2020-06,2.67,94.0,114.58,102.3
1770,Slovenia,2020-07,2.62,94.2,114.72,98.2
1771,Slovenia,2020-08,2.46,94.2,114.92,99.4
1772,Slovenia,2020-09,3.18,93.8,114.88,106.1
1773,Slovenia,2020-10,3.65,93.2,114.56,109.7
1774,Slovenia,2020-11,3.91,93.6,114.39,104.8
1775,Slovenia,2020-12,3.78,95.1,110.53,103.8
1776,Slovenia,2021-01,2.69,97.6,113.32,107.9
1777,Slovenia,2021-02,2.73,99.7,114.3,104.1
1778,Slovenia,2021-03,3.49,101.1,114.47,106.9
1779,Slovenia,2021-04,3.06,102.0,113.13,106.5
1780,Slovenia,2021-05,2.86,102.7,113.13,105.2
1781,Slovenia,2021-06,2.52,103.2,113.4,106.6
1782,Slovenia,2021-07,2.31,103.6,115.35,110.5
1783,Slovenia,2021-08,2.55,105.4,116.27,111.2
1784,Slovenia,2021-09,3.32,108.6,115.77,119.3
1785,Slovenia,2021-10,3.86,113.3,112.36,124.5
1786,Slovenia,2021-11,4.35,117.6,113.16,133.5
1787,Slovenia,2021-12,3.82,121.3,114.3,139.2
1788,Slovenia,2022-01,2.73,124.4,116.98,138.3
1789,Slovenia,2022-02,2.73,128.1,117.18,141.2
1790,Slovenia,2022-03,3.34,132.4,116.98,144.1
1791,Slovenia,2022-04,2.97,137.4,132.05,153.9
1792,Slovenia,2022-05,2.75,139.9,130.84,152.5
1793,Slovenia,2022-06,2.58,139.6,134.34,153.6
1794,Slovenia,2022-07,2.16,136.7,136.72,151.7
1795,Slovenia,2022-08,2.73,136.1,137.81,158.0
1796,Slovenia,2022-09,3.24,137.6,138.6,155.4
1797,Slovenia,2022-10,3.4,141.4,138.75,157.9
1798,Slovenia,2022-11,4.0,144.0,140.51,166.3
1799,Slovenia,2022-12,3.43,145.2,142.92,164.4
1800,Slovakia,2017-01,0.62,106.2,94.37,93.4
1801,Slovakia,2017-02,0.55,106.3,94.93,94.5
1802,Slovakia,2017-03,0.62,106.1,94.51,96.3
1803,Slovakia,2017-04,0.67,105.8,94.96,95.5
1804,Slovakia,2017-05,0.69,105.9,95.42,96.4
1805,Slovakia,2017-06,0.61,106.4,95.94,92.9
1806,Slovakia,2017-07,0.64,107.3,95.88,95.1
1807,Slovakia,2017-08,0.68,108.2,96.2,94.3
1808,Slovakia,2017-09,0.72,108.9,96.48,96.2
1809,Slovakia,2017-10,0.73,109.6,96.78,99.0
1810,Slovakia,2017-11,0.67,109.0,97.17,101.1
1811,Slovakia,2017-12,0.6,107.1,97.79,104.1
1812,Slovakia,2018-01,0.78,103.8,98.02,100.1
1813,Slovakia,2018-02,0.63,101.9,98.7,96.6
1814,Slovakia,2018-03,0.69,101.1,98.11,99.9
1815,Slovakia,2018-04,0.64,101.5,98.73,99.9
1816,Slovakia,2018-05,0.7,101.9,98.6,97.4
1817,Slovakia,2018-06,0.58,102.4,99.06,97.5
1818,Slovakia,2018-07,0.66,102.9,98.85,98.3
1819,Slovakia,2018-08,0.75,103.0,98.74,98.4
1820,Slovakia,2018-09,0.63,102.9,98.92,98.9
1821,Slovakia,2018-10,0.75,102.4,98.51,99.0
1822,Slovakia,2018-11,0.74,102.4,98.89,97.5
1823,Slovakia,2018-12,0.58,102.9,99.05,95.4
1824,Slovakia,2019-01,0.78,103.8,99.23,101.5
1825,Slovakia,2019-02,0.66,104.2,99.52,99.6
1826,Slovakia,2019-03,0.74,104.0,99.2,97.3
1827,Slovakia,2019-04,0.7,103.2,100.33,101.6
1828,Slovakia,2019-05,0.68,103.0,101.24,100.1
1829,Slovakia,2019-06,0.61,103.2,101.36,109.7
1830,Slovakia,2019-07,0.75,104.0,101.4,103.1
1831,Slovakia,2019-08,0.65,104.4,101.66,97.1
1832,Slovakia,2019-09,0.69,104.4,102.47,96.8
1833,Slovakia,2019-10,0.77,104.1,102.92,107.5
1834,Slovakia,2019-11,0.65,103.8,102.32,100.3
1835,Slovakia,2019-12,0.59,103.5,103.59,104.9
1836,Slovakia,2020-01,0.66,103.2,104.15,102.9
1837,Slovakia,2020-02,0.59,103.0,104.64,99.9
1838,Slovakia,2020-03,0.58,103.0,105.23,96.1
1839,Slovakia,2020-04,0.58,103.0,104.91,95.0
1840,Slovakia,2020-05,0.59,103.0,110.59,98.8
1841,Slovakia,2020-06,0.69,103.0,107.48,100.5
1842,Slovakia,2020-07,0.72,102.9,108.45,90.1
1843,Slovakia,2020-08,0.66,102.7,107.39,98.5
1844,Slovakia,2020-09,0.81,102.4,107.63,93.8
1845,Slovakia,2020-10,0.7,102.0,107.87,91.9
1846,Slovakia,2020-11,0.7,102.0,107.55,88.8
1847,Slovakia,2020-12,0.66,102.5,107.48,98.4
1848,Slovakia,2021-01,0.75,103.5,107.48,95.0
1849,Slovakia,2021-02,0.71,103.9,107.83,91.1
1850,Slovakia,2021-03,0.83,103.8,107.93,94.8
1851,Slovakia,2021-04,0.71,103.1,108.0,101.6
1852,Slovakia,2021-05,0.78,102.8,109.57,99.8
1853,Slovakia,2021-06,0.72,102.9,110.78,103.5
1854,Slovakia,2021-07,0.74,103.2,111.07,102.2
1855,Slovakia,2021-08,0.78,103.6,110.85,101.0
1856,Slovakia,2021-09,0.79,104.0,111.94,102.6
1857,Slovakia,2021-10,0.81,104.4,111.43,112.2
1858,Slovakia,2021-11,0.72,104.7,113.63,102.6
1859,Slovakia,2021-12,0.69,104.8,114.86,109.3
1860,Slovakia,2022-01,0.66,104.8,117.75,113.0
1861,Slovakia,2022-02,0.53,105.9,120.1,124.3
1862,Slovakia,2022-03,0.8,108.2,122.76,124.2
1863,Slovakia,2022-04,0.65,111.9,128.2,132.3
1864,Slovakia,2022-05,0.68,114.0,134.57,134.1
1865,Slovakia,2022-06,0.61,114.6,139.37,131.2
1866,Slovakia,2022-07,0.64,113.5,140.89,134.4
1867,Slovakia,2022-08,0.61,112.3,143.82,134.0
1868,Slovakia,2022-09,0.76,110.8,145.78,127.3
1869,Slovakia,2022-10,0.64,109.2,146.66,129.7
1870,Slovakia,2022-11,0.64,109.3,148.74,126.2
1871,Slovakia,2022-12,0.56,111.2,149.71,131.4
