home_id|address|city|state|zip|contact_name|phone|alt_phone|phone_password|email|main_code|guest_code
H01474777|518 Crestview Drive|Beverly Hills|CA|90046|Jed Clampett|310-775-4011||oil|jclampett@bhb.com|5599|7778
H00999943|245 East 73rd Street|New York|NY|10021|Carrie Bradshaw|212-520-0250|212-495-5755|prada|carrie@sitc.com|1245|1256
H01545551|565 North Clinton Drive|Milwaukee|WI|53525|Arthur Fonzarelli|414-858-1033||harley|fonzie@happydays.com|8889|4445
H01033638|129 West 81st Street|New York|NY|10024|Jerry Seinfeld|212-440-5657|212-483-1072|elaine|jerry@seinfeld.com|2121|1919
H02257222|1164 Morning Glory Circle|Westport|CT|06880|Darrin Stephens|860-777-7564||sam|darrin@bewitched.com|1566|2566
